T,XOM,BATS,,0,62.49000,0
A,XOM,BATS,703511,500,62.1300,30678171
A,XOM,BATS,703511,0,62.1300,30678448
B,XOM,BATS,766271,100,0.01,30717022
A,XOM,BATS,775845,200,62.6800,30723440
A,XOM,BATS,1024762,500,62.1300,30942519
A,XOM,BATS,1024762,0,62.1300,30942653
B,XOM,BATS,1105334,500,61.89,30992387
B,XOM,BATS,1105334,0,61.89,30992651
A,XOM,BATS,1129109,500,62.1300,31006176
A,XOM,BATS,1129109,0,62.1300,31006684
A,XOM,BATS,1318192,500,62.1200,31189163
A,XOM,BATS,1318192,0,62.1200,31189309
A,XOM,BATS,1440448,500,62.1500,31316204
A,XOM,BATS,1440448,0,62.1500,31316370
B,XOM,BATS,1476512,500,62.01,31349286
B,XOM,BATS,1476512,0,62.01,31349887
B,XOM,BATS,766271,0,0.01,31468596
A,XOM,BATS,1636834,500,62.1500,31519511
A,XOM,BATS,1636834,0,62.1500,31519540
B,XOM,BATS,1669072,500,61.93,31568448
B,XOM,BATS,1669072,0,61.93,31568704
A,XOM,BATS,1706930,500,62.1100,31611319
A,XOM,BATS,1706930,0,62.1100,31611321
A,XOM,BATS,1706936,500,62.0900,31611321
A,XOM,BATS,1706936,0,62.0900,31611321
A,XOM,BATS,1706960,500,62.1100,31611398
A,XOM,BATS,1706960,0,62.1100,31611720
A,XOM,BATS,1763611,500,62.1500,31677485
A,XOM,BATS,1763611,0,62.1500,31686375
B,XOM,BATS,1891025,500,61.9,31826372
B,XOM,BATS,1891025,0,61.9,31826527
B,XOM,BATS,2154866,500,61.95,32066591
B,XOM,BATS,2154866,0,61.95,32067038
A,XOM,BATS,2167693,500,62.1500,32077588
A,XOM,BATS,2167693,0,62.1500,32088324
A,XOM,BATS,2197304,500,62.1500,32100115
A,XOM,BATS,2197304,0,62.1500,32102490
A,XOM,BATS,2214952,500,62.1700,32108075
A,XOM,BATS,2214952,0,62.1700,32130783
A,XOM,BATS,2242548,500,62.1600,32130783
A,XOM,BATS,2242548,0,62.1600,32159692
A,XOM,BATS,2273719,500,62.1700,32159769
A,XOM,BATS,2273719,0,62.1700,32164307
A,XOM,BATS,2673679,500,62.2000,32592248
A,XOM,BATS,2673679,0,62.2000,32592552
A,XOM,BATS,2674674,500,62.1400,32593326
B,XOM,BATS,2739370,500,61.92,32669609
B,XOM,BATS,2739370,0,61.92,32670145
A,XOM,BATS,2674674,0,62.1400,32726837
B,XOM,BATS,2866858,500,61.93,32837261
B,XOM,BATS,2866858,0,61.93,32837327
B,XOM,BATS,2866923,500,61.94,32837327
B,XOM,BATS,2866923,0,61.94,32837485
B,XOM,BATS,2867080,500,61.93,32837562
B,XOM,BATS,2867080,0,61.93,32837570
A,XOM,BATS,2881425,500,62.1500,32855891
A,XOM,BATS,2881425,0,62.1500,32856020
B,XOM,BATS,2921087,500,61.9,32927082
B,XOM,BATS,2921087,0,61.9,32927179
A,XOM,BATS,3133432,500,62.0900,33194896
A,XOM,BATS,3133432,0,62.0900,33195097
B,XOM,BATS,3253786,100,0.0001,33307388
A,XOM,BATS,3253788,100,999999.9900,33307388
B,XOM,BATS,3253790,100,0.0001,33307388
A,XOM,BATS,3253791,100,999999.9900,33307388
B,XOM,BATS,3253792,100,0.0001,33307388
A,XOM,BATS,3253793,100,999999.9900,33307388
A,XOM,BATS,3414177,500,62.1200,33457561
A,XOM,BATS,3414177,0,62.1200,33460176
A,XOM,BATS,3415885,500,62.1300,33460253
A,XOM,BATS,3415885,0,62.1300,33461445
A,XOM,BATS,3420069,500,62.1400,33461522
A,XOM,BATS,3420069,0,62.1400,33461740
A,XOM,BATS,3530199,100,64.3600,33578230
B,XOM,BATS,3530201,100,57.7,33578230
A,XOM,BATS,775845,0,62.6800,33726733
B,XOM,BATS,4011165,100,61.86,34117097
A,XOM,BATS,4011173,100,62.2500,34117097
B,XOM,BATS,4011165,0,61.86,34117098
B,XOM,BATS,4011210,100,61.88,34117098
A,XOM,BATS,4011173,0,62.2500,34117098
A,XOM,BATS,4011228,100,62.1900,34117098
B,XOM,BATS,4011210,0,61.88,34117099
B,XOM,BATS,4011278,100,61.91,34117099
A,XOM,BATS,4011228,0,62.1900,34117099
A,XOM,BATS,4011298,100,62.1700,34117099
B,XOM,BATS,4011278,0,61.91,34117099
A,XOM,BATS,4011298,0,62.1700,34117100
B,XOM,BATS,4011322,100,61.87,34117100
A,XOM,BATS,4011327,100,62.2400,34117100
B,XOM,BATS,4011322,0,61.87,34117100
A,XOM,BATS,4011327,0,62.2400,34117101
B,XOM,BATS,4011346,100,61.86,34117101
A,XOM,BATS,4011348,100,62.2400,34117101
B,XOM,BATS,4011346,0,61.86,34117101
B,XOM,BATS,4011356,100,61.89,34117101
A,XOM,BATS,4011348,0,62.2400,34117101
A,XOM,BATS,4011361,100,62.1700,34117101
B,XOM,BATS,4011356,0,61.89,34117102
B,XOM,BATS,4011369,100,61.92,34117102
B,XOM,BATS,4011369,0,61.92,34117102
A,XOM,BATS,4011361,0,62.1700,34117102
B,XOM,BATS,4011385,100,61.84,34117103
A,XOM,BATS,4011387,100,62.2200,34117103
B,XOM,BATS,4011385,0,61.84,34117103
B,XOM,BATS,4011392,100,61.88,34117103
A,XOM,BATS,4011387,0,62.2200,34117103
A,XOM,BATS,4011394,100,62.1700,34117103
B,XOM,BATS,4011392,0,61.88,34117104
A,XOM,BATS,4011394,0,62.1700,34117104
B,XOM,BATS,4011439,100,61.86,34117105
A,XOM,BATS,4011444,100,62.2200,34117105
B,XOM,BATS,4011439,0,61.86,34117105
B,XOM,BATS,4011450,100,61.89,34117105
A,XOM,BATS,4011444,0,62.2200,34117105
A,XOM,BATS,4011454,100,62.1800,34117105
B,XOM,BATS,4011450,0,61.89,34117106
B,XOM,BATS,4011472,100,61.91,34117106
A,XOM,BATS,4011454,0,62.1800,34117106
A,XOM,BATS,4011483,100,62.1600,34117106
B,XOM,BATS,4011472,0,61.91,34117106
A,XOM,BATS,4011483,0,62.1600,34117107
B,XOM,BATS,4011503,100,61.82,34117107
A,XOM,BATS,4011507,100,62.2400,34117107
B,XOM,BATS,4011503,0,61.82,34117107
B,XOM,BATS,4011511,100,61.89,34117107
A,XOM,BATS,4011507,0,62.2400,34117108
A,XOM,BATS,4011515,100,62.1800,34117108
B,XOM,BATS,4011511,0,61.89,34117108
A,XOM,BATS,4011515,0,62.1800,34117108
A,XOM,BATS,4011523,100,62.1600,34117108
A,XOM,BATS,4011523,0,62.1600,34117108
B,XOM,BATS,4011538,100,61.81,34117109
A,XOM,BATS,4011540,100,62.2200,34117109
B,XOM,BATS,4011538,0,61.81,34117109
A,XOM,BATS,4011540,0,62.2200,34117109
B,XOM,BATS,4011576,100,61.9,34117113
B,XOM,BATS,4011576,0,61.9,34117114
B,XOM,BATS,4011586,100,61.9,34117119
B,XOM,BATS,4011586,0,61.9,34117124
B,XOM,BATS,4011594,100,61.9,34117127
B,XOM,BATS,4011594,0,61.9,34117128
B,XOM,BATS,4011617,100,61.89,34117137
B,XOM,BATS,4011617,0,61.89,34117138
B,XOM,BATS,4011675,100,61.89,34117171
A,XOM,BATS,4011677,100,62.2400,34117171
B,XOM,BATS,4011675,0,61.89,34117171
A,XOM,BATS,4011677,0,62.2400,34117171
B,XOM,BATS,4011741,100,61.86,34117186
B,XOM,BATS,4011741,0,61.86,34117187
A,XOM,BATS,4011775,100,62.2400,34117209
B,XOM,BATS,4011777,100,61.89,34117209
A,XOM,BATS,4011775,0,62.2400,34117210
B,XOM,BATS,4011777,0,61.89,34117210
B,XOM,BATS,4011811,100,61.89,34117240
A,XOM,BATS,4011815,100,62.2200,34117240
A,XOM,BATS,4011815,0,62.2200,34117241
B,XOM,BATS,4011811,0,61.89,34117241
B,XOM,BATS,4011874,100,61.89,34117285
A,XOM,BATS,4011876,100,62.2400,34117285
A,XOM,BATS,4011876,0,62.2400,34117286
A,XOM,BATS,4011920,100,62.2400,34117334
A,XOM,BATS,4011920,0,62.2400,34117335
B,XOM,BATS,4011874,0,61.89,34117335
B,XOM,BATS,4011931,100,61.85,34117335
A,XOM,BATS,4011933,100,62.2400,34117335
B,XOM,BATS,4011931,0,61.85,34117336
B,XOM,BATS,4011937,100,61.87,34117336
A,XOM,BATS,4011933,0,62.2400,34117336
A,XOM,BATS,4011939,100,62.1800,34117336
B,XOM,BATS,4011937,0,61.87,34117337
B,XOM,BATS,4011945,100,61.9,34117337
A,XOM,BATS,4011939,0,62.1800,34117337
A,XOM,BATS,4011947,100,62.1600,34117337
B,XOM,BATS,4011945,0,61.9,34117338
A,XOM,BATS,4011947,0,62.1600,34117339
B,XOM,BATS,4011968,100,61.84,34117339
A,XOM,BATS,4011972,100,62.2400,34117339
B,XOM,BATS,4011968,0,61.84,34117339
B,XOM,BATS,4011976,100,61.86,34117339
A,XOM,BATS,4011972,0,62.2400,34117340
A,XOM,BATS,4011980,100,62.1700,34117340
B,XOM,BATS,4011976,0,61.86,34117340
B,XOM,BATS,4011983,100,61.89,34117340
B,XOM,BATS,4011983,0,61.89,34117341
A,XOM,BATS,4011980,0,62.1700,34117341
B,XOM,BATS,4011989,100,61.9,34117342
A,XOM,BATS,4011991,100,62.2400,34117342
A,XOM,BATS,4011991,0,62.2400,34117343
A,XOM,BATS,4011995,100,62.1800,34117343
B,XOM,BATS,4011989,0,61.9,34117343
A,XOM,BATS,4011995,0,62.1800,34117345
B,XOM,BATS,4011999,100,61.88,34117345
A,XOM,BATS,4012001,100,62.2400,34117345
B,XOM,BATS,4011999,0,61.88,34117346
B,XOM,BATS,4012003,100,61.93,34117346
A,XOM,BATS,4012001,0,62.2400,34117346
A,XOM,BATS,4012005,100,62.1800,34117346
B,XOM,BATS,4012003,0,61.93,34117346
A,XOM,BATS,4012005,0,62.1800,34117346
B,XOM,BATS,4012007,100,61.88,34117347
B,XOM,BATS,4012007,0,61.88,34117348
B,XOM,BATS,4012014,100,61.9,34117354
A,XOM,BATS,4012016,100,62.2400,34117354
A,XOM,BATS,4012016,0,62.2400,34117356
B,XOM,BATS,4012014,0,61.9,34117356
B,XOM,BATS,4012071,100,61.9,34117410
A,XOM,BATS,4012073,100,62.2400,34117410
A,XOM,BATS,4012073,0,62.2400,34117411
B,XOM,BATS,4012071,0,61.9,34117411
B,XOM,BATS,4012116,100,61.9,34117422
B,XOM,BATS,4012116,0,61.9,34117422
B,XOM,BATS,4012130,100,61.9,34117437
A,XOM,BATS,4012142,100,62.2400,34117437
B,XOM,BATS,4012130,0,61.9,34117438
A,XOM,BATS,4012142,0,62.2400,34117438
B,XOM,BATS,4012183,100,61.9,34117457
A,XOM,BATS,4012185,100,62.2400,34117457
A,XOM,BATS,4012185,0,62.2400,34117459
B,XOM,BATS,4012183,0,61.9,34117459
B,XOM,BATS,4012220,100,61.9,34117480
B,XOM,BATS,4012220,0,61.9,34117481
B,XOM,BATS,4012283,100,61.93,34117505
B,XOM,BATS,4012283,0,61.93,34117505
B,XOM,BATS,4012320,100,61.9,34117535
A,XOM,BATS,4012322,100,62.2400,34117535
A,XOM,BATS,4012322,0,62.2400,34117536
B,XOM,BATS,4012320,0,61.9,34117536
B,XOM,BATS,4012700,100,61.93,34117571
A,XOM,BATS,4012702,100,62.2400,34117571
A,XOM,BATS,4012702,0,62.2400,34117572
B,XOM,BATS,4012700,0,61.93,34117572
B,XOM,BATS,4012770,100,61.9,34117609
A,XOM,BATS,4012772,100,62.2400,34117609
A,XOM,BATS,4012772,0,62.2400,34117610
B,XOM,BATS,4012770,0,61.9,34117610
B,XOM,BATS,4013811,100,61.89,34117710
A,XOM,BATS,4013813,100,62.2400,34117710
A,XOM,BATS,4013813,0,62.2400,34117710
B,XOM,BATS,4013811,0,61.89,34117710
B,XOM,BATS,4013948,100,61.9,34117752
B,XOM,BATS,4013948,0,61.9,34117785
B,XOM,BATS,4014057,100,61.86,34117787
A,XOM,BATS,4014060,100,62.2400,34117787
B,XOM,BATS,4014057,0,61.86,34117787
B,XOM,BATS,4014065,100,61.9,34117787
A,XOM,BATS,4014060,0,62.2400,34117787
A,XOM,BATS,4014067,100,62.1800,34117787
A,XOM,BATS,4014067,0,62.1800,34117788
A,XOM,BATS,4014070,100,62.1600,34117788
B,XOM,BATS,4014065,0,61.9,34117788
A,XOM,BATS,4014070,0,62.1600,34117788
B,XOM,BATS,4014072,100,61.88,34117788
A,XOM,BATS,4014074,100,62.2400,34117789
B,XOM,BATS,4014072,0,61.88,34117789
B,XOM,BATS,4014077,100,61.9,34117789
A,XOM,BATS,4014074,0,62.2400,34117789
A,XOM,BATS,4014080,100,62.1800,34117789
B,XOM,BATS,4014077,0,61.9,34117790
A,XOM,BATS,4014080,0,62.1800,34117790
B,XOM,BATS,4014082,100,61.88,34117790
B,XOM,BATS,4014082,0,61.88,34117799
B,XOM,BATS,4014098,100,61.9,34117799
A,XOM,BATS,4014100,100,62.2400,34117799
B,XOM,BATS,4014098,0,61.9,34117801
A,XOM,BATS,4014100,0,62.2400,34117801
A,XOM,BATS,4014106,100,62.1800,34117801
A,XOM,BATS,4014106,0,62.1800,34117802
B,XOM,BATS,4014110,100,61.88,34117802
A,XOM,BATS,4014112,100,62.2400,34117802
B,XOM,BATS,4014110,0,61.88,34117802
B,XOM,BATS,4014114,100,61.9,34117802
A,XOM,BATS,4014112,0,62.2400,34117803
A,XOM,BATS,4014116,100,62.1800,34117803
B,XOM,BATS,4014114,0,61.9,34117803
A,XOM,BATS,4014116,0,62.1800,34117803
B,XOM,BATS,4014119,100,61.88,34117804
B,XOM,BATS,4014119,0,61.88,34117805
B,XOM,BATS,4014127,100,61.9,34117809
A,XOM,BATS,4014133,100,62.2400,34117809
A,XOM,BATS,4014133,0,62.2400,34117813
B,XOM,BATS,4014127,0,61.9,34117813
B,XOM,BATS,4014240,100,61.9,34117909
A,XOM,BATS,4014242,100,62.2400,34117909
A,XOM,BATS,4014242,0,62.2400,34117911
B,XOM,BATS,4014240,0,61.9,34117911
B,XOM,BATS,4014364,100,61.9,34118009
A,XOM,BATS,4014366,100,62.2400,34118009
A,XOM,BATS,4014366,0,62.2400,34118019
B,XOM,BATS,4014364,0,61.9,34118019
B,XOM,BATS,4014400,100,61.9,34118021
A,XOM,BATS,4014402,100,62.2400,34118021
B,XOM,BATS,4014400,0,61.9,34118023
A,XOM,BATS,4014402,0,62.2400,34118023
A,XOM,BATS,4014413,100,62.1800,34118023
A,XOM,BATS,4014413,0,62.1800,34118025
B,XOM,BATS,4014425,100,61.88,34118025
A,XOM,BATS,4014427,100,62.2400,34118025
B,XOM,BATS,4014425,0,61.88,34118025
B,XOM,BATS,4014431,100,61.9,34118025
A,XOM,BATS,4014427,0,62.2400,34118026
A,XOM,BATS,4014434,100,62.1800,34118026
B,XOM,BATS,4014431,0,61.9,34118026
A,XOM,BATS,4014434,0,62.1800,34118026
B,XOM,BATS,4014436,100,61.88,34118026
A,XOM,BATS,4014438,100,62.2400,34118027
B,XOM,BATS,4014436,0,61.88,34118027
A,XOM,BATS,4014438,0,62.2400,34118027
A,XOM,BATS,4014453,100,62.2400,34118040
B,XOM,BATS,4014455,100,61.9,34118040
A,XOM,BATS,4014453,0,62.2400,34118042
B,XOM,BATS,4014455,0,61.9,34118042
B,XOM,BATS,4014536,100,61.9,34118109
A,XOM,BATS,4014538,100,62.2400,34118109
B,XOM,BATS,4014536,0,61.9,34118118
A,XOM,BATS,4014538,0,62.2400,34118118
B,XOM,BATS,4014551,100,61.9,34118120
A,XOM,BATS,4014553,100,62.2400,34118120
A,XOM,BATS,4014553,0,62.2400,34118122
A,XOM,BATS,4014559,100,62.1800,34118122
B,XOM,BATS,4014551,0,61.9,34118122
A,XOM,BATS,4014559,0,62.1800,34118123
B,XOM,BATS,4014580,100,61.88,34118124
A,XOM,BATS,4014582,100,62.2400,34118124
B,XOM,BATS,4014580,0,61.88,34118124
B,XOM,BATS,4014584,100,61.9,34118124
A,XOM,BATS,4014582,0,62.2400,34118124
A,XOM,BATS,4014586,100,62.1800,34118124
B,XOM,BATS,4014584,0,61.9,34118125
A,XOM,BATS,4014586,0,62.1800,34118125
B,XOM,BATS,4014588,100,61.88,34118125
B,XOM,BATS,4014588,0,61.88,34118209
B,XOM,BATS,4014876,100,61.9,34118209
A,XOM,BATS,4014878,100,62.2400,34118209
A,XOM,BATS,4014878,0,62.2400,34118211
A,XOM,BATS,4014886,100,62.1800,34118211
B,XOM,BATS,4014876,0,61.9,34118211
A,XOM,BATS,4014886,0,62.1800,34118212
B,XOM,BATS,4014890,100,61.88,34118213
A,XOM,BATS,4014892,100,62.2400,34118213
B,XOM,BATS,4014890,0,61.88,34118213
B,XOM,BATS,4014897,100,61.9,34118213
A,XOM,BATS,4014892,0,62.2400,34118213
A,XOM,BATS,4014899,100,62.1800,34118213
B,XOM,BATS,4014897,0,61.9,34118214
A,XOM,BATS,4014899,0,62.1800,34118214
B,XOM,BATS,4014917,100,61.88,34118214
A,XOM,BATS,4014921,100,62.2400,34118215
B,XOM,BATS,4014917,0,61.88,34118215
B,XOM,BATS,4014925,100,61.9,34118215
A,XOM,BATS,4014921,0,62.2400,34118215
A,XOM,BATS,4014927,100,62.1800,34118215
B,XOM,BATS,4014925,0,61.9,34118216
A,XOM,BATS,4014927,0,62.1800,34118216
B,XOM,BATS,4014930,100,61.88,34118216
A,XOM,BATS,4014934,100,62.2400,34118216
B,XOM,BATS,4014930,0,61.88,34118217
B,XOM,BATS,4014936,100,61.9,34118217
A,XOM,BATS,4014934,0,62.2400,34118217
A,XOM,BATS,4014938,100,62.1800,34118217
B,XOM,BATS,4014936,0,61.9,34118217
A,XOM,BATS,4014938,0,62.1800,34118218
B,XOM,BATS,4014941,100,61.88,34118218
A,XOM,BATS,4014943,100,62.2400,34118218
B,XOM,BATS,4014941,0,61.88,34118219
B,XOM,BATS,4014945,100,61.9,34118219
A,XOM,BATS,4014943,0,62.2400,34118219
A,XOM,BATS,4014947,100,62.1800,34118219
B,XOM,BATS,4014945,0,61.9,34118219
A,XOM,BATS,4014947,0,62.1800,34118219
B,XOM,BATS,4014949,100,61.88,34118220
B,XOM,BATS,4014949,0,61.88,34118309
B,XOM,BATS,4015025,100,61.9,34118309
A,XOM,BATS,4015027,100,62.2400,34118309
A,XOM,BATS,4015027,0,62.2400,34118311
A,XOM,BATS,4015033,100,62.1800,34118311
B,XOM,BATS,4015025,0,61.9,34118314
A,XOM,BATS,4015033,0,62.1800,34118314
A,XOM,BATS,4015037,100,62.1600,34118314
A,XOM,BATS,4015037,0,62.1600,34118314
B,XOM,BATS,4015040,100,61.88,34118315
A,XOM,BATS,4015042,100,62.2400,34118315
B,XOM,BATS,4015040,0,61.88,34118315
B,XOM,BATS,4015044,100,61.9,34118315
A,XOM,BATS,4015042,0,62.2400,34118316
A,XOM,BATS,4015046,100,62.1800,34118316
A,XOM,BATS,4015046,0,62.1800,34118318
A,XOM,BATS,4015048,100,62.1600,34118318
B,XOM,BATS,4015044,0,61.9,34118318
A,XOM,BATS,4015048,0,62.1600,34118318
B,XOM,BATS,4015050,100,61.88,34118318
A,XOM,BATS,4015052,100,62.2400,34118319
B,XOM,BATS,4015050,0,61.88,34118319
B,XOM,BATS,4015054,100,61.9,34118319
A,XOM,BATS,4015052,0,62.2400,34118319
A,XOM,BATS,4015056,100,62.1800,34118319
A,XOM,BATS,4015056,0,62.1800,34118409
A,XOM,BATS,4015289,100,62.1600,34118409
B,XOM,BATS,4015054,0,61.9,34118409
A,XOM,BATS,4015289,0,62.1600,34118410
B,XOM,BATS,4015292,100,61.88,34118410
A,XOM,BATS,4015294,100,62.2400,34118411
B,XOM,BATS,4015292,0,61.88,34118411
B,XOM,BATS,4015296,100,61.9,34118411
A,XOM,BATS,4015294,0,62.2400,34118411
A,XOM,BATS,4015298,100,62.1800,34118411
A,XOM,BATS,4015298,0,62.1800,34118412
A,XOM,BATS,4015300,100,62.1600,34118412
B,XOM,BATS,4015296,0,61.9,34118412
A,XOM,BATS,4015300,0,62.1600,34118414
B,XOM,BATS,4015302,100,61.88,34118414
A,XOM,BATS,4015304,100,62.2400,34118414
B,XOM,BATS,4015302,0,61.88,34118414
B,XOM,BATS,4015306,100,61.9,34118414
A,XOM,BATS,4015304,0,62.2400,34118415
A,XOM,BATS,4015308,100,62.1800,34118415
B,XOM,BATS,4015306,0,61.9,34118509
A,XOM,BATS,4015308,0,62.1800,34118509
A,XOM,BATS,4015672,100,62.1600,34118509
A,XOM,BATS,4015672,0,62.1600,34118510
B,XOM,BATS,4015677,100,61.88,34118510
A,XOM,BATS,4015679,100,62.2400,34118510
B,XOM,BATS,4015677,0,61.88,34118511
B,XOM,BATS,4015681,100,61.9,34118511
A,XOM,BATS,4015679,0,62.2400,34118511
A,XOM,BATS,4015685,100,62.1700,34118511
B,XOM,BATS,4015681,0,61.9,34118512
A,XOM,BATS,4015685,0,62.1700,34118512
B,XOM,BATS,4015689,100,61.88,34118512
A,XOM,BATS,4015691,100,62.2400,34118512
B,XOM,BATS,4015689,0,61.88,34118513
B,XOM,BATS,4015693,100,61.9,34118513
A,XOM,BATS,4015691,0,62.2400,34118513
A,XOM,BATS,4015695,100,62.1700,34118513
B,XOM,BATS,4015693,0,61.9,34118514
A,XOM,BATS,4015695,0,62.1700,34118514
B,XOM,BATS,4015698,100,61.88,34118514
A,XOM,BATS,4015700,100,62.2400,34118514
B,XOM,BATS,4015698,0,61.88,34118514
B,XOM,BATS,4015702,100,61.9,34118514
A,XOM,BATS,4015700,0,62.2400,34118515
A,XOM,BATS,4015704,100,62.1700,34118515
B,XOM,BATS,4015702,0,61.9,34118528
A,XOM,BATS,4015704,0,62.1700,34118528
B,XOM,BATS,4015709,100,61.88,34118528
A,XOM,BATS,4015711,100,62.2400,34118529
B,XOM,BATS,4015709,0,61.88,34118529
B,XOM,BATS,4015713,100,61.9,34118529
A,XOM,BATS,4015711,0,62.2400,34118529
A,XOM,BATS,4015715,100,62.1700,34118529
B,XOM,BATS,4015713,0,61.9,34118610
A,XOM,BATS,4015715,0,62.1700,34118610
B,XOM,BATS,4015881,100,61.88,34118610
A,XOM,BATS,4015883,100,62.2400,34118611
B,XOM,BATS,4015881,0,61.88,34118611
B,XOM,BATS,4015885,100,61.9,34118611
A,XOM,BATS,4015883,0,62.2400,34118611
A,XOM,BATS,4015889,100,62.1700,34118611
B,XOM,BATS,4015885,0,61.9,34118612
A,XOM,BATS,4015889,0,62.1700,34118613
B,XOM,BATS,4015896,100,61.88,34118613
A,XOM,BATS,4015898,100,62.2400,34118613
B,XOM,BATS,4015896,0,61.88,34118614
B,XOM,BATS,4015900,100,61.9,34118614
A,XOM,BATS,4015898,0,62.2400,34118614
A,XOM,BATS,4015904,100,62.1700,34118614
B,XOM,BATS,4015900,0,61.9,34118615
A,XOM,BATS,4015904,0,62.1700,34118615
B,XOM,BATS,4015910,100,61.88,34118615
A,XOM,BATS,4015912,100,62.2400,34118615
B,XOM,BATS,4015910,0,61.88,34118616
B,XOM,BATS,4015914,100,61.9,34118616
A,XOM,BATS,4015912,0,62.2400,34118616
A,XOM,BATS,4015916,100,62.1700,34118616
B,XOM,BATS,4015914,0,61.9,34118619
A,XOM,BATS,4015916,0,62.1700,34118619
B,XOM,BATS,4015920,100,61.88,34118619
A,XOM,BATS,4015922,100,62.2400,34118619
B,XOM,BATS,4015920,0,61.88,34118620
B,XOM,BATS,4015924,100,61.9,34118620
A,XOM,BATS,4015922,0,62.2400,34118620
A,XOM,BATS,4015926,100,62.1700,34118620
B,XOM,BATS,4015924,0,61.9,34118621
A,XOM,BATS,4015926,0,62.1700,34118622
B,XOM,BATS,4015928,100,61.88,34118622
A,XOM,BATS,4015932,100,62.2400,34118622
B,XOM,BATS,4015928,0,61.88,34118623
B,XOM,BATS,4015934,100,61.9,34118623
A,XOM,BATS,4015932,0,62.2400,34118623
A,XOM,BATS,4015936,100,62.1700,34118623
B,XOM,BATS,4015934,0,61.9,34118626
A,XOM,BATS,4015936,0,62.1700,34118626
B,XOM,BATS,4015940,100,61.88,34118626
A,XOM,BATS,4015942,100,62.2400,34118626
B,XOM,BATS,4015940,0,61.88,34118627
B,XOM,BATS,4015944,100,61.9,34118627
A,XOM,BATS,4015942,0,62.2400,34118627
A,XOM,BATS,4015948,100,62.1700,34118627
B,XOM,BATS,4015944,0,61.9,34118629
A,XOM,BATS,4015948,0,62.1700,34118630
B,XOM,BATS,4015950,100,61.88,34118630
A,XOM,BATS,4015952,100,62.2400,34118630
B,XOM,BATS,4015950,0,61.88,34118631
B,XOM,BATS,4015954,100,61.9,34118631
A,XOM,BATS,4015952,0,62.2400,34118631
A,XOM,BATS,4015957,100,62.1700,34118631
B,XOM,BATS,4015954,0,61.9,34118634
A,XOM,BATS,4015957,0,62.1700,34118634
B,XOM,BATS,4015970,100,61.88,34118634
A,XOM,BATS,4015972,100,62.2400,34118634
B,XOM,BATS,4015970,0,61.88,34118635
B,XOM,BATS,4015974,100,61.9,34118635
A,XOM,BATS,4015972,0,62.2400,34118635
A,XOM,BATS,4015976,100,62.1700,34118635
B,XOM,BATS,4015974,0,61.9,34118636
A,XOM,BATS,4015976,0,62.1700,34118637
B,XOM,BATS,4015979,100,61.88,34118637
A,XOM,BATS,4015981,100,62.2400,34118637
B,XOM,BATS,4015979,0,61.88,34118638
A,XOM,BATS,4015981,0,62.2400,34118638
B,XOM,BATS,4016486,100,61.9,34118709
A,XOM,BATS,4016488,100,62.2400,34118709
A,XOM,BATS,4016488,0,62.2400,34118711
A,XOM,BATS,4016588,100,62.2400,34118718
A,XOM,BATS,4016588,0,62.2400,34118809
A,XOM,BATS,4016963,100,62.1700,34118809
B,XOM,BATS,4016486,0,61.9,34118909
A,XOM,BATS,4016963,0,62.1700,34118909
B,XOM,BATS,4017296,100,61.88,34118910
A,XOM,BATS,4017302,100,62.2300,34118910
B,XOM,BATS,4017296,0,61.88,34118910
B,XOM,BATS,4017306,100,61.9,34118910
A,XOM,BATS,4017302,0,62.2300,34118911
A,XOM,BATS,4017310,100,62.1700,34118911
B,XOM,BATS,4017306,0,61.9,34118912
A,XOM,BATS,4017310,0,62.1700,34118912
B,XOM,BATS,4017318,100,61.88,34118912
A,XOM,BATS,4017320,100,62.2300,34118912
B,XOM,BATS,4017318,0,61.88,34118913
B,XOM,BATS,4017322,100,61.9,34118913
A,XOM,BATS,4017320,0,62.2300,34118913
A,XOM,BATS,4017326,100,62.1700,34118913
B,XOM,BATS,4017322,0,61.9,34118914
A,XOM,BATS,4017326,0,62.1700,34118914
B,XOM,BATS,4017329,100,61.88,34118914
A,XOM,BATS,4017331,100,62.2300,34118914
B,XOM,BATS,4017329,0,61.88,34118915
B,XOM,BATS,4017333,100,61.9,34118915
A,XOM,BATS,4017331,0,62.2300,34118915
A,XOM,BATS,4017335,100,62.1700,34118915
B,XOM,BATS,4017333,0,61.9,34119010
A,XOM,BATS,4017335,0,62.1700,34119010
B,XOM,BATS,4017593,100,61.88,34119010
A,XOM,BATS,4017595,100,62.2300,34119011
B,XOM,BATS,4017593,0,61.88,34119011
B,XOM,BATS,4017597,100,61.9,34119011
A,XOM,BATS,4017595,0,62.2300,34119011
A,XOM,BATS,4017601,100,62.1700,34119011
B,XOM,BATS,4017597,0,61.9,34119012
A,XOM,BATS,4017601,0,62.1700,34119013
B,XOM,BATS,4017605,100,61.88,34119013
A,XOM,BATS,4017607,100,62.2300,34119013
B,XOM,BATS,4017605,0,61.88,34119014
B,XOM,BATS,4017609,100,61.9,34119014
A,XOM,BATS,4017607,0,62.2300,34119014
A,XOM,BATS,4017611,100,62.1700,34119014
B,XOM,BATS,4017609,0,61.9,34119015
A,XOM,BATS,4017611,0,62.1700,34119015
B,XOM,BATS,4017613,100,61.88,34119015
A,XOM,BATS,4017615,100,62.2300,34119016
B,XOM,BATS,4017613,0,61.88,34119016
B,XOM,BATS,4017617,100,61.9,34119016
A,XOM,BATS,4017615,0,62.2300,34119016
A,XOM,BATS,4017619,100,62.1700,34119016
B,XOM,BATS,4017617,0,61.9,34119109
A,XOM,BATS,4017619,0,62.1700,34119109
A,XOM,BATS,4017733,100,62.1500,34119109
A,XOM,BATS,4017733,0,62.1500,34119210
B,XOM,BATS,4017866,100,61.88,34119210
A,XOM,BATS,4017868,100,62.2300,34119210
B,XOM,BATS,4017866,0,61.88,34119211
B,XOM,BATS,4017870,100,61.9,34119211
A,XOM,BATS,4017868,0,62.2300,34119211
A,XOM,BATS,4017877,100,62.1700,34119211
B,XOM,BATS,4017870,0,61.9,34119211
A,XOM,BATS,4017877,0,62.1700,34119211
B,XOM,BATS,4017884,100,61.88,34119212
A,XOM,BATS,4017888,100,62.2300,34119212
B,XOM,BATS,4017884,0,61.88,34119212
B,XOM,BATS,4017893,100,61.9,34119212
A,XOM,BATS,4017888,0,62.2300,34119213
A,XOM,BATS,4017895,100,62.1700,34119213
A,XOM,BATS,4017895,0,62.1700,34119213
A,XOM,BATS,4017897,100,62.1500,34119213
B,XOM,BATS,4017893,0,61.9,34119213
A,XOM,BATS,4017897,0,62.1500,34119217
B,XOM,BATS,4017901,100,61.88,34119217
A,XOM,BATS,4017903,100,62.2300,34119217
B,XOM,BATS,4017901,0,61.88,34119217
B,XOM,BATS,4017905,100,61.9,34119217
A,XOM,BATS,4017903,0,62.2300,34119218
A,XOM,BATS,4017907,100,62.1700,34119218
B,XOM,BATS,4017905,0,61.9,34119221
A,XOM,BATS,4017907,0,62.1700,34119221
A,XOM,BATS,4017915,100,62.1500,34119221
A,XOM,BATS,4017915,0,62.1500,34119309
B,XOM,BATS,4018003,100,61.88,34119310
A,XOM,BATS,4018005,100,62.2300,34119310
A,XOM,BATS,4018005,0,62.2300,34119310
A,XOM,BATS,4018007,100,62.1600,34119310
A,XOM,BATS,4018007,0,62.1600,34119710
A,XOM,BATS,4018469,100,62.1400,34119710
A,XOM,BATS,4018469,0,62.1400,34121510
A,XOM,BATS,4024218,100,62.1200,34121510
B,XOM,BATS,4018003,0,61.88,34121609
A,XOM,BATS,4024218,0,62.1200,34121610
B,XOM,BATS,4024360,100,61.86,34121610
A,XOM,BATS,4024362,100,62.2100,34121610
B,XOM,BATS,4024360,0,61.86,34121611
B,XOM,BATS,4024364,100,61.9,34121611
A,XOM,BATS,4024362,0,62.2100,34121611
A,XOM,BATS,4024366,100,62.1400,34121611
B,XOM,BATS,4024364,0,61.9,34121611
A,XOM,BATS,4024366,0,62.1400,34121612
B,XOM,BATS,4024369,100,61.86,34121612
A,XOM,BATS,4024371,100,62.2100,34121612
B,XOM,BATS,4024369,0,61.86,34121612
B,XOM,BATS,4024373,100,61.9,34121612
A,XOM,BATS,4024371,0,62.2100,34121613
A,XOM,BATS,4024375,100,62.1400,34121613
B,XOM,BATS,4024373,0,61.9,34121613
A,XOM,BATS,4024375,0,62.1400,34121613
B,XOM,BATS,4024379,100,61.86,34121614
A,XOM,BATS,4024381,100,62.2100,34121614
B,XOM,BATS,4024379,0,61.86,34121614
B,XOM,BATS,4024386,100,61.88,34121614
A,XOM,BATS,4024381,0,62.2100,34121614
A,XOM,BATS,4024388,100,62.1400,34121614
A,XOM,BATS,4024388,0,62.1400,34121615
A,XOM,BATS,4024391,100,62.1200,34121615
B,XOM,BATS,4024386,0,61.88,34121615
A,XOM,BATS,4024391,0,62.1200,34121616
B,XOM,BATS,4024393,100,61.86,34121616
A,XOM,BATS,4024395,100,62.2100,34121616
B,XOM,BATS,4024393,0,61.86,34121617
B,XOM,BATS,4024397,100,61.9,34121617
A,XOM,BATS,4024395,0,62.2100,34121617
A,XOM,BATS,4024399,100,62.1400,34121617
B,XOM,BATS,4024397,0,61.9,34121617
A,XOM,BATS,4024399,0,62.1400,34121617
B,XOM,BATS,4024402,100,61.86,34121618
A,XOM,BATS,4024406,100,62.2100,34121618
B,XOM,BATS,4024402,0,61.86,34121618
B,XOM,BATS,4024411,100,61.9,34121618
A,XOM,BATS,4024406,0,62.2100,34121619
A,XOM,BATS,4024415,100,62.1400,34121619
B,XOM,BATS,4024411,0,61.9,34121619
A,XOM,BATS,4024415,0,62.1400,34121619
B,XOM,BATS,4024419,100,61.86,34121619
A,XOM,BATS,4024429,100,62.2100,34121620
B,XOM,BATS,4024419,0,61.86,34121620
B,XOM,BATS,4024431,100,61.9,34121620
A,XOM,BATS,4024429,0,62.2100,34121620
A,XOM,BATS,4024433,100,62.1400,34121620
B,XOM,BATS,4024431,0,61.9,34121621
A,XOM,BATS,4024433,0,62.1400,34121621
A,XOM,BATS,4024436,100,62.1200,34121621
A,XOM,BATS,4024436,0,62.1200,34121622
B,XOM,BATS,4024447,100,61.86,34121623
A,XOM,BATS,4024449,100,62.2100,34121623
B,XOM,BATS,4024447,0,61.86,34121623
B,XOM,BATS,4024451,100,61.9,34121623
A,XOM,BATS,4024449,0,62.2100,34121624
A,XOM,BATS,4024453,100,62.1400,34121624
B,XOM,BATS,4024451,0,61.9,34121624
A,XOM,BATS,4024453,0,62.1400,34121624
B,XOM,BATS,4024460,100,61.86,34121625
A,XOM,BATS,4024462,100,62.2100,34121625
B,XOM,BATS,4024460,0,61.86,34121625
B,XOM,BATS,4024464,100,61.9,34121625
A,XOM,BATS,4024462,0,62.2100,34121625
A,XOM,BATS,4024466,100,62.1400,34121625
B,XOM,BATS,4024464,0,61.9,34121626
A,XOM,BATS,4024466,0,62.1400,34121626
B,XOM,BATS,4024471,100,61.86,34121626
A,XOM,BATS,4024473,100,62.2100,34121627
B,XOM,BATS,4024471,0,61.86,34121627
B,XOM,BATS,4024475,100,61.9,34121627
A,XOM,BATS,4024473,0,62.2100,34121627
A,XOM,BATS,4024477,100,62.1400,34121627
B,XOM,BATS,4024475,0,61.9,34121628
A,XOM,BATS,4024477,0,62.1400,34121628
B,XOM,BATS,4024480,100,61.86,34121628
A,XOM,BATS,4024482,100,62.2100,34121629
B,XOM,BATS,4024480,0,61.86,34121629
B,XOM,BATS,4024484,100,61.9,34121629
A,XOM,BATS,4024482,0,62.2100,34121629
A,XOM,BATS,4024486,100,62.1400,34121629
B,XOM,BATS,4024484,0,61.9,34121629
A,XOM,BATS,4024486,0,62.1400,34121630
B,XOM,BATS,4024489,100,61.86,34121630
A,XOM,BATS,4024492,100,62.2100,34121630
B,XOM,BATS,4024489,0,61.86,34121631
B,XOM,BATS,4024496,100,61.9,34121631
A,XOM,BATS,4024492,0,62.2100,34121631
A,XOM,BATS,4024498,100,62.1400,34121631
B,XOM,BATS,4024496,0,61.9,34121631
A,XOM,BATS,4024498,0,62.1400,34121632
B,XOM,BATS,4024501,100,61.86,34121632
A,XOM,BATS,4024507,100,62.2100,34121632
B,XOM,BATS,4024501,0,61.86,34121633
B,XOM,BATS,4024512,100,61.9,34121633
A,XOM,BATS,4024507,0,62.2100,34121633
A,XOM,BATS,4024514,100,62.1400,34121633
B,XOM,BATS,4024512,0,61.9,34121633
A,XOM,BATS,4024514,0,62.1400,34121633
B,XOM,BATS,4024518,100,61.86,34121634
A,XOM,BATS,4024520,100,62.2100,34121634
B,XOM,BATS,4024518,0,61.86,34121634
B,XOM,BATS,4024522,100,61.9,34121634
A,XOM,BATS,4024520,0,62.2100,34121634
A,XOM,BATS,4024524,100,62.1400,34121634
B,XOM,BATS,4024522,0,61.9,34121635
A,XOM,BATS,4024524,0,62.1400,34121635
A,XOM,BATS,4024527,100,62.1200,34121635
A,XOM,BATS,4024527,0,62.1200,34121635
B,XOM,BATS,4024530,100,61.86,34121636
B,XOM,BATS,4024530,0,61.86,34121639
B,XOM,BATS,4024538,100,61.9,34121639
A,XOM,BATS,4024540,100,62.2100,34121639
A,XOM,BATS,4024540,0,62.2100,34121643
B,XOM,BATS,4024538,0,61.9,34121643
B,XOM,BATS,4024688,100,61.9,34121709
A,XOM,BATS,4024690,100,62.2100,34121709
A,XOM,BATS,4024690,0,62.2100,34121710
A,XOM,BATS,4024697,100,62.1400,34121710
B,XOM,BATS,4024688,0,61.9,34121710
A,XOM,BATS,4024697,0,62.1400,34121710
B,XOM,BATS,4024702,100,61.86,34121711
B,XOM,BATS,4024702,0,61.86,34121711
B,XOM,BATS,4024708,100,61.9,34121715
A,XOM,BATS,4024969,100,62.2100,34121727
A,XOM,BATS,4024969,0,62.2100,34121809
A,XOM,BATS,4026057,100,62.1400,34121809
B,XOM,BATS,4024708,0,61.9,34121809
A,XOM,BATS,4026057,0,62.1400,34121810
B,XOM,BATS,4026067,100,61.86,34121810
A,XOM,BATS,4026070,100,62.2100,34121810
B,XOM,BATS,4026067,0,61.86,34121811
B,XOM,BATS,4026075,100,61.9,34121811
A,XOM,BATS,4026070,0,62.2100,34121811
A,XOM,BATS,4026077,100,62.1400,34121811
B,XOM,BATS,4026075,0,61.9,34121811
A,XOM,BATS,4026077,0,62.1400,34121812
B,XOM,BATS,4026092,100,61.86,34121812
A,XOM,BATS,4026101,100,62.2100,34121812
B,XOM,BATS,4026092,0,61.86,34121812
B,XOM,BATS,4026105,100,61.9,34121812
A,XOM,BATS,4026101,0,62.2100,34121813
A,XOM,BATS,4026108,100,62.1400,34121813
B,XOM,BATS,4026105,0,61.9,34121813
A,XOM,BATS,4026108,0,62.1400,34121813
B,XOM,BATS,4026123,100,61.86,34121814
A,XOM,BATS,4026135,100,62.2100,34121814
B,XOM,BATS,4026123,0,61.86,34121814
B,XOM,BATS,4026151,100,61.9,34121814
A,XOM,BATS,4026135,0,62.2100,34121814
A,XOM,BATS,4026153,100,62.1400,34121814
B,XOM,BATS,4026151,0,61.9,34121815
A,XOM,BATS,4026153,0,62.1400,34121815
B,XOM,BATS,4026182,100,61.86,34121815
A,XOM,BATS,4026184,100,62.2100,34121815
B,XOM,BATS,4026182,0,61.86,34121816
B,XOM,BATS,4026190,100,61.9,34121816
A,XOM,BATS,4026184,0,62.2100,34121816
A,XOM,BATS,4026192,100,62.1400,34121816
B,XOM,BATS,4026190,0,61.9,34121816
A,XOM,BATS,4026192,0,62.1400,34121816
B,XOM,BATS,4026202,100,61.86,34121817
A,XOM,BATS,4026205,100,62.2100,34121817
B,XOM,BATS,4026202,0,61.86,34121817
B,XOM,BATS,4026207,100,61.9,34121817
A,XOM,BATS,4026205,0,62.2100,34121818
A,XOM,BATS,4026210,100,62.1400,34121818
B,XOM,BATS,4026207,0,61.9,34121818
A,XOM,BATS,4026210,0,62.1400,34121818
B,XOM,BATS,4026218,100,61.86,34121819
A,XOM,BATS,4026220,100,62.2100,34121819
B,XOM,BATS,4026218,0,61.86,34121819
B,XOM,BATS,4026222,100,61.9,34121819
A,XOM,BATS,4026220,0,62.2100,34121820
A,XOM,BATS,4026224,100,62.1400,34121820
B,XOM,BATS,4026222,0,61.9,34121820
A,XOM,BATS,4026224,0,62.1400,34121820
B,XOM,BATS,4026246,100,61.86,34121820
B,XOM,BATS,4026246,0,61.86,34121824
B,XOM,BATS,4026314,100,61.9,34121824
A,XOM,BATS,4026316,100,62.2100,34121824
A,XOM,BATS,4026316,0,62.2100,34121828
B,XOM,BATS,4026314,0,61.9,34121828
B,XOM,BATS,4026368,100,61.9,34121828
A,XOM,BATS,4026370,100,62.2100,34121828
B,XOM,BATS,4026368,0,61.9,34121829
A,XOM,BATS,4026370,0,62.2100,34121829
A,XOM,BATS,4026377,100,62.1400,34121829
A,XOM,BATS,4026377,0,62.1400,34121830
B,XOM,BATS,4026390,100,61.86,34121830
B,XOM,BATS,4026390,0,61.86,34121834
B,XOM,BATS,4026411,100,61.9,34121834
A,XOM,BATS,4026415,100,62.2100,34121834
A,XOM,BATS,4026415,0,62.2100,34121840
A,XOM,BATS,4026474,100,62.1400,34121840
B,XOM,BATS,4026411,0,61.9,34121840
A,XOM,BATS,4026474,0,62.1400,34121841
B,XOM,BATS,4026477,100,61.86,34121841
A,XOM,BATS,4026485,100,62.2100,34121841
B,XOM,BATS,4026477,0,61.86,34121842
B,XOM,BATS,4026489,100,61.9,34121842
A,XOM,BATS,4026485,0,62.2100,34121842
A,XOM,BATS,4026493,100,62.1400,34121842
B,XOM,BATS,4026489,0,61.9,34121842
A,XOM,BATS,4026493,0,62.1400,34121843
B,XOM,BATS,4026505,100,61.86,34121843
B,XOM,BATS,4026505,0,61.86,34121844
B,XOM,BATS,4026617,100,61.9,34121909
A,XOM,BATS,4026619,100,62.2100,34121909
A,XOM,BATS,4026619,0,62.2100,34121911
B,XOM,BATS,4026617,0,61.9,34121911
B,XOM,BATS,4026632,100,61.9,34121918
A,XOM,BATS,4026805,100,62.2100,34122009
A,XOM,BATS,4026805,0,62.2100,34122010
B,XOM,BATS,4026632,0,61.9,34122010
B,XOM,BATS,4026818,100,61.9,34122012
A,XOM,BATS,4026820,100,62.2100,34122012
A,XOM,BATS,4026820,0,62.2100,34122013
A,XOM,BATS,4026822,100,62.1400,34122013
B,XOM,BATS,4026818,0,61.9,34122013
A,XOM,BATS,4026822,0,62.1400,34122014
B,XOM,BATS,4026829,100,61.86,34122014
A,XOM,BATS,4026831,100,62.2100,34122014
B,XOM,BATS,4026829,0,61.86,34122015
B,XOM,BATS,4026833,100,61.9,34122015
A,XOM,BATS,4026831,0,62.2100,34122015
A,XOM,BATS,4026835,100,62.1400,34122015
B,XOM,BATS,4026833,0,61.9,34122015
A,XOM,BATS,4026835,0,62.1400,34122015
B,XOM,BATS,4026838,100,61.86,34122016
A,XOM,BATS,4026842,100,62.2100,34122016
B,XOM,BATS,4026838,0,61.86,34122016
B,XOM,BATS,4026844,100,61.9,34122016
A,XOM,BATS,4026842,0,62.2100,34122017
A,XOM,BATS,4026848,100,62.1400,34122017
B,XOM,BATS,4026844,0,61.9,34122017
A,XOM,BATS,4026848,0,62.1400,34122017
B,XOM,BATS,4026851,100,61.86,34122017
A,XOM,BATS,4026853,100,62.2100,34122018
B,XOM,BATS,4026851,0,61.86,34122018
B,XOM,BATS,4026855,100,61.9,34122018
A,XOM,BATS,4026853,0,62.2100,34122018
A,XOM,BATS,4026857,100,62.1400,34122018
B,XOM,BATS,4026855,0,61.9,34122019
A,XOM,BATS,4026857,0,62.1400,34122019
B,XOM,BATS,4026862,100,61.86,34122019
A,XOM,BATS,4026864,100,62.2100,34122020
B,XOM,BATS,4026862,0,61.86,34122020
B,XOM,BATS,4026866,100,61.9,34122020
A,XOM,BATS,4026864,0,62.2100,34122020
A,XOM,BATS,4026868,100,62.1400,34122020
B,XOM,BATS,4026866,0,61.9,34122021
A,XOM,BATS,4026868,0,62.1400,34122021
B,XOM,BATS,4026872,100,61.86,34122021
B,XOM,BATS,4026872,0,61.86,34122022
B,XOM,BATS,4026908,100,61.9,34122028
A,XOM,BATS,4026910,100,62.2100,34122028
A,XOM,BATS,4026910,0,62.2100,34122034
B,XOM,BATS,4026908,0,61.9,34122034
B,XOM,BATS,4026929,100,61.9,34122035
A,XOM,BATS,4026931,100,62.2100,34122035
A,XOM,BATS,4026931,0,62.2100,34122035
A,XOM,BATS,4026933,100,62.1400,34122035
B,XOM,BATS,4026929,0,61.9,34122035
A,XOM,BATS,4026933,0,62.1400,34122036
B,XOM,BATS,4026936,100,61.86,34122036
B,XOM,BATS,4026936,0,61.86,34122044
B,XOM,BATS,4026960,100,61.9,34122044
A,XOM,BATS,4026962,100,62.2100,34122044
A,XOM,BATS,4026962,0,62.2100,34122052
A,XOM,BATS,4026975,100,62.1400,34122052
B,XOM,BATS,4026960,0,61.9,34122052
A,XOM,BATS,4026975,0,62.1400,34122110
B,XOM,BATS,4027017,100,61.86,34122110
A,XOM,BATS,4027019,100,62.2100,34122111
B,XOM,BATS,4027017,0,61.86,34122111
B,XOM,BATS,4027021,100,61.9,34122111
A,XOM,BATS,4027019,0,62.2100,34122111
A,XOM,BATS,4027023,100,62.1400,34122111
B,XOM,BATS,4027021,0,61.9,34122111
A,XOM,BATS,4027023,0,62.1400,34122112
B,XOM,BATS,4027025,100,61.86,34122112
A,XOM,BATS,4027027,100,62.2100,34122112
B,XOM,BATS,4027025,0,61.86,34122113
B,XOM,BATS,4027029,100,61.9,34122113
A,XOM,BATS,4027027,0,62.2100,34122113
A,XOM,BATS,4027031,100,62.1400,34122113
B,XOM,BATS,4027029,0,61.9,34122113
A,XOM,BATS,4027031,0,62.1400,34122114
B,XOM,BATS,4027033,100,61.86,34122114
A,XOM,BATS,4027035,100,62.2100,34122114
B,XOM,BATS,4027033,0,61.86,34122114
B,XOM,BATS,4027037,100,61.9,34122114
A,XOM,BATS,4027035,0,62.2100,34122115
A,XOM,BATS,4027039,100,62.1400,34122115
B,XOM,BATS,4027037,0,61.9,34122115
A,XOM,BATS,4027039,0,62.1400,34122115
B,XOM,BATS,4027045,100,61.86,34122116
A,XOM,BATS,4027047,100,62.2100,34122116
B,XOM,BATS,4027045,0,61.86,34122116
B,XOM,BATS,4027049,100,61.9,34122116
A,XOM,BATS,4027047,0,62.2100,34122117
A,XOM,BATS,4027051,100,62.1400,34122117
B,XOM,BATS,4027049,0,61.9,34122117
A,XOM,BATS,4027051,0,62.1400,34122117
B,XOM,BATS,4027053,100,61.86,34122117
B,XOM,BATS,4027053,0,61.86,34122139
B,XOM,BATS,4027065,100,61.9,34122139
A,XOM,BATS,4027067,100,62.2100,34122139
A,XOM,BATS,4027067,0,62.2100,34122140
A,XOM,BATS,4027069,100,62.1400,34122140
B,XOM,BATS,4027065,0,61.9,34122140
A,XOM,BATS,4027069,0,62.1400,34122140
B,XOM,BATS,4027074,100,61.86,34122141
A,XOM,BATS,4027076,100,62.2100,34122141
B,XOM,BATS,4027074,0,61.86,34122141
B,XOM,BATS,4027078,100,61.9,34122141
A,XOM,BATS,4027076,0,62.2100,34122142
A,XOM,BATS,4027080,100,62.1400,34122142
B,XOM,BATS,4027078,0,61.9,34122142
A,XOM,BATS,4027080,0,62.1400,34122142
B,XOM,BATS,4027082,100,61.86,34122143
A,XOM,BATS,4027084,100,62.2100,34122143
B,XOM,BATS,4027082,0,61.86,34122143
A,XOM,BATS,4027084,0,62.2100,34122143
B,XOM,BATS,4027089,100,61.9,34122155
A,XOM,BATS,4027091,100,62.2100,34122155
A,XOM,BATS,4027091,0,62.2100,34122156
B,XOM,BATS,4027089,0,61.9,34122156
B,XOM,BATS,4027137,100,61.9,34122209
A,XOM,BATS,4027139,100,62.2100,34122209
A,XOM,BATS,4027139,0,62.2100,34122210
B,XOM,BATS,4027137,0,61.9,34122210
B,XOM,BATS,4027262,100,61.9,34122310
A,XOM,BATS,4027264,100,62.2100,34122310
A,XOM,BATS,4027264,0,62.2100,34122310
B,XOM,BATS,4027262,0,61.9,34122310
B,XOM,BATS,4027474,100,61.9,34122410
A,XOM,BATS,4027476,100,62.2100,34122410
A,XOM,BATS,4027476,0,62.2100,34122410
A,XOM,BATS,4027664,100,62.2200,34122509
A,XOM,BATS,4027664,0,62.2200,34122610
A,XOM,BATS,4027851,100,62.1500,34122610
B,XOM,BATS,4027474,0,61.9,34122610
A,XOM,BATS,4027851,0,62.1500,34122611
B,XOM,BATS,4027855,100,61.87,34122611
A,XOM,BATS,4027857,100,62.2100,34122611
B,XOM,BATS,4027855,0,61.87,34122612
B,XOM,BATS,4027859,100,61.9,34122612
A,XOM,BATS,4027857,0,62.2100,34122612
A,XOM,BATS,4027861,100,62.1400,34122612
B,XOM,BATS,4027859,0,61.9,34122612
A,XOM,BATS,4027861,0,62.1400,34122613
B,XOM,BATS,4027865,100,61.87,34122613
A,XOM,BATS,4027869,100,62.2100,34122613
B,XOM,BATS,4027865,0,61.87,34122613
B,XOM,BATS,4027871,100,61.9,34122613
A,XOM,BATS,4027869,0,62.2100,34122614
A,XOM,BATS,4027873,100,62.1400,34122614
B,XOM,BATS,4027871,0,61.9,34122614
A,XOM,BATS,4027873,0,62.1400,34122615
B,XOM,BATS,4027876,100,61.87,34122615
A,XOM,BATS,4027884,100,62.2100,34122615
B,XOM,BATS,4027876,0,61.87,34122616
B,XOM,BATS,4027886,100,61.9,34122616
A,XOM,BATS,4027884,0,62.2100,34122616
A,XOM,BATS,4027889,100,62.1400,34122616
B,XOM,BATS,4027886,0,61.9,34122617
A,XOM,BATS,4027889,0,62.1400,34122618
B,XOM,BATS,4027915,100,61.87,34122618
A,XOM,BATS,4027919,100,62.2100,34122618
B,XOM,BATS,4027915,0,61.87,34122619
B,XOM,BATS,4027929,100,61.9,34122619
A,XOM,BATS,4027919,0,62.2100,34122619
A,XOM,BATS,4027935,100,62.1400,34122619
B,XOM,BATS,4027929,0,61.9,34122622
A,XOM,BATS,4027935,0,62.1400,34122622
B,XOM,BATS,4028009,100,61.87,34122622
A,XOM,BATS,4028012,100,62.2100,34122623
B,XOM,BATS,4028009,0,61.87,34122623
B,XOM,BATS,4028015,100,61.9,34122623
A,XOM,BATS,4028012,0,62.2100,34122623
A,XOM,BATS,4028023,100,62.1400,34122623
B,XOM,BATS,4028015,0,61.9,34122627
A,XOM,BATS,4028023,0,62.1400,34122628
B,XOM,BATS,4028062,100,61.87,34122628
A,XOM,BATS,4028064,100,62.2100,34122628
B,XOM,BATS,4028062,0,61.87,34122628
B,XOM,BATS,4028067,100,61.9,34122628
A,XOM,BATS,4028064,0,62.2100,34122629
A,XOM,BATS,4028074,100,62.1400,34122629
B,XOM,BATS,4028067,0,61.9,34122630
A,XOM,BATS,4028074,0,62.1400,34122631
B,XOM,BATS,4028078,100,61.87,34122631
A,XOM,BATS,4028084,100,62.2100,34122631
B,XOM,BATS,4028078,0,61.87,34122632
B,XOM,BATS,4028086,100,61.9,34122632
A,XOM,BATS,4028084,0,62.2100,34122632
A,XOM,BATS,4028088,100,62.1400,34122632
B,XOM,BATS,4028086,0,61.9,34122709
A,XOM,BATS,4028088,0,62.1400,34122710
B,XOM,BATS,4028230,100,61.86,34122710
A,XOM,BATS,4028232,100,62.2100,34122710
B,XOM,BATS,4028230,0,61.86,34122711
B,XOM,BATS,4028234,100,61.9,34122711
A,XOM,BATS,4028232,0,62.2100,34122711
A,XOM,BATS,4028236,100,62.1400,34122711
B,XOM,BATS,4028234,0,61.9,34122712
A,XOM,BATS,4028236,0,62.1400,34122713
B,XOM,BATS,4028242,100,61.86,34122713
A,XOM,BATS,4028244,100,62.2100,34122713
B,XOM,BATS,4028242,0,61.86,34122713
B,XOM,BATS,4028246,100,61.9,34122713
A,XOM,BATS,4028244,0,62.2100,34122714
A,XOM,BATS,4028248,100,62.1400,34122714
B,XOM,BATS,4028246,0,61.9,34122717
A,XOM,BATS,4028248,0,62.1400,34122718
B,XOM,BATS,4028257,100,61.86,34122718
A,XOM,BATS,4028259,100,62.2100,34122718
B,XOM,BATS,4028257,0,61.86,34122719
B,XOM,BATS,4028261,100,61.9,34122719
A,XOM,BATS,4028259,0,62.2100,34122719
A,XOM,BATS,4028263,100,62.1400,34122719
B,XOM,BATS,4028261,0,61.9,34122720
A,XOM,BATS,4028263,0,62.1400,34122721
B,XOM,BATS,4028268,100,61.86,34122721
A,XOM,BATS,4028270,100,62.2100,34122721
B,XOM,BATS,4028268,0,61.86,34122721
B,XOM,BATS,4028272,100,61.9,34122721
A,XOM,BATS,4028270,0,62.2100,34122722
A,XOM,BATS,4028274,100,62.1400,34122722
B,XOM,BATS,4028272,0,61.9,34122809
A,XOM,BATS,4028274,0,62.1400,34122810
B,XOM,BATS,4028348,100,61.86,34122810
A,XOM,BATS,4028350,100,62.2100,34122810
B,XOM,BATS,4028348,0,61.86,34122811
B,XOM,BATS,4028352,100,61.9,34122811
A,XOM,BATS,4028350,0,62.2100,34122811
A,XOM,BATS,4028354,100,62.1400,34122811
B,XOM,BATS,4028352,0,61.9,34122909
A,XOM,BATS,4028354,0,62.1400,34122910
B,XOM,BATS,4028553,100,61.86,34122910
A,XOM,BATS,4028555,100,62.2100,34122910
B,XOM,BATS,4028553,0,61.86,34122911
B,XOM,BATS,4028557,100,61.9,34122911
A,XOM,BATS,4028555,0,62.2100,34122911
A,XOM,BATS,4028559,100,62.1400,34122911
B,XOM,BATS,4028557,0,61.9,34122911
A,XOM,BATS,4028559,0,62.1400,34122911
B,XOM,BATS,4028561,100,61.86,34122912
A,XOM,BATS,4028563,100,62.2100,34122912
B,XOM,BATS,4028561,0,61.86,34122912
B,XOM,BATS,4028565,100,61.9,34122912
A,XOM,BATS,4028563,0,62.2100,34122913
A,XOM,BATS,4028567,100,62.1400,34122913
B,XOM,BATS,4028565,0,61.9,34122913
A,XOM,BATS,4028567,0,62.1400,34122913
B,XOM,BATS,4028570,100,61.86,34122914
A,XOM,BATS,4028572,100,62.2100,34122914
B,XOM,BATS,4028570,0,61.86,34122914
B,XOM,BATS,4028576,100,61.9,34122914
A,XOM,BATS,4028572,0,62.2100,34122914
A,XOM,BATS,4028578,100,62.1400,34122914
B,XOM,BATS,4028576,0,61.9,34122915
A,XOM,BATS,4028578,0,62.1400,34122915
B,XOM,BATS,4028584,100,61.86,34122915
A,XOM,BATS,4028586,100,62.2100,34122916
B,XOM,BATS,4028584,0,61.86,34122916
B,XOM,BATS,4028592,100,61.9,34122916
A,XOM,BATS,4028586,0,62.2100,34122916
A,XOM,BATS,4028594,100,62.1400,34122916
B,XOM,BATS,4028592,0,61.9,34122917
A,XOM,BATS,4028594,0,62.1400,34122917
B,XOM,BATS,4028596,100,61.86,34122917
A,XOM,BATS,4028598,100,62.2100,34122918
B,XOM,BATS,4028596,0,61.86,34122918
B,XOM,BATS,4028600,100,61.9,34122918
A,XOM,BATS,4028598,0,62.2100,34122918
A,XOM,BATS,4028602,100,62.1400,34122918
B,XOM,BATS,4028600,0,61.9,34122918
A,XOM,BATS,4028602,0,62.1400,34122919
B,XOM,BATS,4028606,100,61.86,34122919
A,XOM,BATS,4028608,100,62.2100,34122919
B,XOM,BATS,4028606,0,61.86,34122920
B,XOM,BATS,4028610,100,61.9,34122920
A,XOM,BATS,4028608,0,62.2100,34122920
A,XOM,BATS,4028612,100,62.1400,34122920
B,XOM,BATS,4028610,0,61.9,34122920
A,XOM,BATS,4028612,0,62.1400,34122921
B,XOM,BATS,4028614,100,61.86,34122921
A,XOM,BATS,4028616,100,62.2100,34122921
B,XOM,BATS,4028614,0,61.86,34122921
B,XOM,BATS,4028618,100,61.9,34122921
A,XOM,BATS,4028616,0,62.2100,34122922
A,XOM,BATS,4028620,100,62.1400,34122922
B,XOM,BATS,4028618,0,61.9,34122922
A,XOM,BATS,4028620,0,62.1400,34122922
B,XOM,BATS,4028624,100,61.86,34122923
B,XOM,BATS,4028624,0,61.86,34122965
B,XOM,BATS,4029704,100,61.9,34122965
A,XOM,BATS,4029706,100,62.2100,34122965
A,XOM,BATS,4029706,0,62.2100,34122970
A,XOM,BATS,4029915,100,62.1400,34122970
B,XOM,BATS,4029704,0,61.9,34122970
A,XOM,BATS,4029915,0,62.1400,34122981
B,XOM,BATS,4030198,100,61.86,34122981
A,XOM,BATS,4030206,100,62.2100,34122981
B,XOM,BATS,4030198,0,61.86,34122982
B,XOM,BATS,4030215,100,61.9,34122982
A,XOM,BATS,4030206,0,62.2100,34122982
A,XOM,BATS,4030220,100,62.1400,34122982
B,XOM,BATS,4030215,0,61.9,34122982
A,XOM,BATS,4030220,0,62.1400,34122983
B,XOM,BATS,4030233,100,61.86,34122983
A,XOM,BATS,4030239,100,62.2100,34122983
B,XOM,BATS,4030233,0,61.86,34122984
B,XOM,BATS,4030250,100,61.9,34122984
A,XOM,BATS,4030239,0,62.2100,34122984
A,XOM,BATS,4030265,100,62.1400,34122984
B,XOM,BATS,4030250,0,61.9,34122984
A,XOM,BATS,4030265,0,62.1400,34122985
B,XOM,BATS,4030302,100,61.86,34122985
A,XOM,BATS,4030323,100,62.2100,34122985
B,XOM,BATS,4030302,0,61.86,34122986
B,XOM,BATS,4030344,100,61.9,34122986
A,XOM,BATS,4030323,0,62.2100,34122986
A,XOM,BATS,4030357,100,62.1400,34122986
B,XOM,BATS,4030344,0,61.9,34122986
A,XOM,BATS,4030357,0,62.1400,34122987
B,XOM,BATS,4030381,100,61.86,34122987
A,XOM,BATS,4030396,100,62.2100,34122987
B,XOM,BATS,4030381,0,61.86,34122988
B,XOM,BATS,4030404,100,61.9,34122988
A,XOM,BATS,4030396,0,62.2100,34122988
A,XOM,BATS,4030410,100,62.1400,34122988
B,XOM,BATS,4030404,0,61.9,34122988
A,XOM,BATS,4030410,0,62.1400,34122989
B,XOM,BATS,4030425,100,61.86,34122989
B,XOM,BATS,4030425,0,61.86,34122989
B,XOM,BATS,4030480,100,61.9,34122993
A,XOM,BATS,4030607,100,62.2100,34123009
A,XOM,BATS,4030607,0,62.2100,34123110
A,XOM,BATS,4031054,100,62.1400,34123110
B,XOM,BATS,4030480,0,61.9,34123110
A,XOM,BATS,4031054,0,62.1400,34123209
B,XOM,BATS,4031339,100,61.86,34123210
A,XOM,BATS,4031342,100,62.2100,34123210
B,XOM,BATS,4031339,0,61.86,34123210
B,XOM,BATS,4031345,100,61.9,34123210
A,XOM,BATS,4031342,0,62.2100,34123211
A,XOM,BATS,4031347,100,62.1400,34123211
B,XOM,BATS,4031345,0,61.9,34123211
A,XOM,BATS,4031347,0,62.1400,34123211
B,XOM,BATS,4031349,100,61.86,34123211
A,XOM,BATS,4031351,100,62.2100,34123212
B,XOM,BATS,4031349,0,61.86,34123212
B,XOM,BATS,4031353,100,61.9,34123212
A,XOM,BATS,4031351,0,62.2100,34123212
A,XOM,BATS,4031355,100,62.1400,34123212
B,XOM,BATS,4031353,0,61.9,34123213
A,XOM,BATS,4031355,0,62.1400,34123213
B,XOM,BATS,4031357,100,61.86,34123213
A,XOM,BATS,4031360,100,62.2100,34123214
B,XOM,BATS,4031357,0,61.86,34123214
B,XOM,BATS,4031362,100,61.9,34123214
A,XOM,BATS,4031360,0,62.2100,34123214
A,XOM,BATS,4031364,100,62.1400,34123214
B,XOM,BATS,4031362,0,61.9,34123214
A,XOM,BATS,4031364,0,62.1400,34123215
B,XOM,BATS,4031366,100,61.86,34123215
A,XOM,BATS,4031368,100,62.2100,34123215
B,XOM,BATS,4031366,0,61.86,34123215
B,XOM,BATS,4031370,100,61.9,34123215
A,XOM,BATS,4031368,0,62.2100,34123216
A,XOM,BATS,4031372,100,62.1400,34123216
B,XOM,BATS,4031370,0,61.9,34123216
A,XOM,BATS,4031372,0,62.1400,34123216
B,XOM,BATS,4031376,100,61.86,34123217
A,XOM,BATS,4031378,100,62.2100,34123217
B,XOM,BATS,4031376,0,61.86,34123217
B,XOM,BATS,4031380,100,61.9,34123217
A,XOM,BATS,4031378,0,62.2100,34123218
A,XOM,BATS,4031382,100,62.1400,34123218
B,XOM,BATS,4031380,0,61.9,34123218
A,XOM,BATS,4031382,0,62.1400,34123218
B,XOM,BATS,4031384,100,61.86,34123219
A,XOM,BATS,4031388,100,62.2100,34123219
B,XOM,BATS,4031384,0,61.86,34123219
B,XOM,BATS,4031390,100,61.9,34123219
A,XOM,BATS,4031388,0,62.2100,34123219
A,XOM,BATS,4031392,100,62.1400,34123219
B,XOM,BATS,4031390,0,61.9,34123220
A,XOM,BATS,4031392,0,62.1400,34123220
B,XOM,BATS,4031394,100,61.86,34123220
A,XOM,BATS,4031396,100,62.2100,34123221
B,XOM,BATS,4031394,0,61.86,34123221
B,XOM,BATS,4031398,100,61.9,34123221
A,XOM,BATS,4031396,0,62.2100,34123221
A,XOM,BATS,4031400,100,62.1400,34123221
B,XOM,BATS,4031398,0,61.9,34123221
A,XOM,BATS,4031400,0,62.1400,34123222
B,XOM,BATS,4031402,100,61.86,34123222
B,XOM,BATS,4031402,0,61.86,34123232
B,XOM,BATS,4031408,100,61.9,34123232
A,XOM,BATS,4031410,100,62.2100,34123232
B,XOM,BATS,4031408,0,61.9,34123237
A,XOM,BATS,4031410,0,62.2100,34123237
A,XOM,BATS,4031414,100,62.1400,34123237
A,XOM,BATS,4031414,0,62.1400,34123310
B,XOM,BATS,4031533,100,61.86,34123310
A,XOM,BATS,4031537,100,62.2100,34123310
B,XOM,BATS,4031533,0,61.86,34123311
B,XOM,BATS,4031541,100,61.9,34123311
A,XOM,BATS,4031537,0,62.2100,34123311
A,XOM,BATS,4031543,100,62.1400,34123311
B,XOM,BATS,4031541,0,61.9,34123311
A,XOM,BATS,4031543,0,62.1400,34123312
B,XOM,BATS,4031547,100,61.86,34123312
A,XOM,BATS,4031549,100,62.2100,34123312
B,XOM,BATS,4031547,0,61.86,34123313
B,XOM,BATS,4031551,100,61.9,34123313
A,XOM,BATS,4031549,0,62.2100,34123313
A,XOM,BATS,4031556,100,62.1400,34123313
B,XOM,BATS,4031551,0,61.9,34123313
A,XOM,BATS,4031556,0,62.1400,34123313
B,XOM,BATS,4031560,100,61.86,34123314
A,XOM,BATS,4031562,100,62.2100,34123314
B,XOM,BATS,4031560,0,61.86,34123314
B,XOM,BATS,4031564,100,61.9,34123314
A,XOM,BATS,4031562,0,62.2100,34123315
A,XOM,BATS,4031566,100,62.1400,34123315
B,XOM,BATS,4031564,0,61.9,34123315
A,XOM,BATS,4031566,0,62.1400,34123315
B,XOM,BATS,4031568,100,61.86,34123316
A,XOM,BATS,4031572,100,62.2100,34123316
B,XOM,BATS,4031568,0,61.86,34123316
B,XOM,BATS,4031576,100,61.9,34123316
A,XOM,BATS,4031572,0,62.2100,34123316
A,XOM,BATS,4031582,100,62.1400,34123316
B,XOM,BATS,4031576,0,61.9,34123317
A,XOM,BATS,4031582,0,62.1400,34123317
B,XOM,BATS,4031584,100,61.86,34123317
A,XOM,BATS,4031586,100,62.2100,34123318
B,XOM,BATS,4031584,0,61.86,34123318
A,XOM,BATS,4031586,0,62.2100,34123318
B,XOM,BATS,4031765,100,61.9,34123410
A,XOM,BATS,4031767,100,62.2100,34123410
B,XOM,BATS,4031765,0,61.9,34123411
A,XOM,BATS,4031767,0,62.2100,34123411
B,XOM,BATS,4031994,100,61.9,34123509
A,XOM,BATS,4031996,100,62.2100,34123509
A,XOM,BATS,4031996,0,62.2100,34123514
B,XOM,BATS,4031994,0,61.9,34123514
B,XOM,BATS,4032139,100,61.9,34123610
A,XOM,BATS,4032141,100,62.2100,34123610
A,XOM,BATS,4032141,0,62.2100,34123611
A,XOM,BATS,4032143,100,62.1400,34123611
B,XOM,BATS,4032139,0,61.9,34123615
A,XOM,BATS,4032143,0,62.1400,34123616
B,XOM,BATS,4032150,100,61.86,34123616
A,XOM,BATS,4032152,100,62.2100,34123616
B,XOM,BATS,4032150,0,61.86,34123617
B,XOM,BATS,4032154,100,61.9,34123617
A,XOM,BATS,4032152,0,62.2100,34123617
A,XOM,BATS,4032156,100,62.1400,34123617
B,XOM,BATS,4032154,0,61.9,34123617
A,XOM,BATS,4032156,0,62.1400,34123618
B,XOM,BATS,4032158,100,61.86,34123618
A,XOM,BATS,4032160,100,62.2100,34123618
B,XOM,BATS,4032158,0,61.86,34123618
A,XOM,BATS,4032160,0,62.2100,34123619
B,XOM,BATS,4032172,100,61.9,34123623
A,XOM,BATS,4032174,100,62.2100,34123624
A,XOM,BATS,4032174,0,62.2100,34123631
A,XOM,BATS,4032181,100,62.1400,34123631
B,XOM,BATS,4032172,0,61.9,34123709
A,XOM,BATS,4032181,0,62.1400,34123710
B,XOM,BATS,4032268,100,61.86,34123710
A,XOM,BATS,4032270,100,62.2100,34123710
B,XOM,BATS,4032268,0,61.86,34123710
B,XOM,BATS,4032274,100,61.9,34123710
A,XOM,BATS,4032270,0,62.2100,34123711
A,XOM,BATS,4032277,100,62.1400,34123711
B,XOM,BATS,4032274,0,61.9,34123711
A,XOM,BATS,4032277,0,62.1400,34123711
B,XOM,BATS,4032281,100,61.86,34123712
A,XOM,BATS,4032285,100,62.2100,34123712
B,XOM,BATS,4032281,0,61.86,34123712
B,XOM,BATS,4032287,100,61.9,34123712
A,XOM,BATS,4032285,0,62.2100,34123713
A,XOM,BATS,4032289,100,62.1400,34123713
B,XOM,BATS,4032287,0,61.9,34123713
A,XOM,BATS,4032289,0,62.1400,34123713
B,XOM,BATS,4032299,100,61.86,34123714
A,XOM,BATS,4032301,100,62.2100,34123714
B,XOM,BATS,4032299,0,61.86,34123714
B,XOM,BATS,4032304,100,61.9,34123714
A,XOM,BATS,4032301,0,62.2100,34123715
A,XOM,BATS,4032306,100,62.1400,34123715
B,XOM,BATS,4032304,0,61.9,34123715
A,XOM,BATS,4032306,0,62.1400,34123715
B,XOM,BATS,4032311,100,61.86,34123715
A,XOM,BATS,4032314,100,62.2100,34123716
B,XOM,BATS,4032311,0,61.86,34123716
B,XOM,BATS,4032316,100,61.9,34123716
A,XOM,BATS,4032314,0,62.2100,34123716
A,XOM,BATS,4032319,100,62.1400,34123716
B,XOM,BATS,4032316,0,61.9,34123717
A,XOM,BATS,4032319,0,62.1400,34123717
B,XOM,BATS,4032321,100,61.86,34123717
A,XOM,BATS,4032323,100,62.2100,34123718
B,XOM,BATS,4032321,0,61.86,34123718
B,XOM,BATS,4032325,100,61.9,34123718
A,XOM,BATS,4032323,0,62.2100,34123718
A,XOM,BATS,4032327,100,62.1400,34123718
B,XOM,BATS,4032325,0,61.9,34123719
A,XOM,BATS,4032327,0,62.1400,34123719
B,XOM,BATS,4032329,100,61.86,34123719
A,XOM,BATS,4032331,100,62.2100,34123719
B,XOM,BATS,4032329,0,61.86,34123720
B,XOM,BATS,4032333,100,61.9,34123720
A,XOM,BATS,4032331,0,62.2100,34123720
A,XOM,BATS,4032335,100,62.1400,34123720
B,XOM,BATS,4032333,0,61.9,34123720
A,XOM,BATS,4032335,0,62.1400,34123720
B,XOM,BATS,4032337,100,61.86,34123721
B,XOM,BATS,4032337,0,61.86,34123723
B,XOM,BATS,4032483,100,61.9,34123809
A,XOM,BATS,4032485,100,62.2100,34123809
A,XOM,BATS,4032485,0,62.2100,34123811
A,XOM,BATS,4032523,100,62.2100,34123819
A,XOM,BATS,4032523,0,62.2100,34123909
A,XOM,BATS,4032737,100,62.1400,34123909
B,XOM,BATS,4032483,0,61.9,34123909
A,XOM,BATS,4032737,0,62.1400,34123910
B,XOM,BATS,4032739,100,61.86,34123910
A,XOM,BATS,4032741,100,62.2100,34123910
B,XOM,BATS,4032739,0,61.86,34123911
B,XOM,BATS,4032743,100,61.9,34123911
A,XOM,BATS,4032741,0,62.2100,34123911
A,XOM,BATS,4032745,100,62.1400,34123911
B,XOM,BATS,4032743,0,61.9,34123911
A,XOM,BATS,4032745,0,62.1400,34123911
B,XOM,BATS,4032751,100,61.86,34123912
A,XOM,BATS,4032753,100,62.2100,34123912
B,XOM,BATS,4032751,0,61.86,34123912
B,XOM,BATS,4032755,100,61.9,34123912
A,XOM,BATS,4032753,0,62.2100,34123913
A,XOM,BATS,4032757,100,62.1400,34123913
B,XOM,BATS,4032755,0,61.9,34123913
A,XOM,BATS,4032757,0,62.1400,34123913
B,XOM,BATS,4032760,100,61.86,34123914
A,XOM,BATS,4032763,100,62.2100,34123914
B,XOM,BATS,4032760,0,61.86,34123914
B,XOM,BATS,4032767,100,61.9,34123914
A,XOM,BATS,4032763,0,62.2100,34123915
A,XOM,BATS,4032770,100,62.1400,34123915
B,XOM,BATS,4032767,0,61.9,34123915
A,XOM,BATS,4032770,0,62.1400,34123915
B,XOM,BATS,4032774,100,61.86,34123915
A,XOM,BATS,4032776,100,62.2100,34123916
B,XOM,BATS,4032774,0,61.86,34123916
B,XOM,BATS,4032778,100,61.9,34123916
A,XOM,BATS,4032776,0,62.2100,34123916
A,XOM,BATS,4032780,100,62.1400,34123916
B,XOM,BATS,4032778,0,61.9,34123917
A,XOM,BATS,4032780,0,62.1400,34123917
B,XOM,BATS,4032782,100,61.86,34123917
A,XOM,BATS,4032784,100,62.2100,34123918
B,XOM,BATS,4032782,0,61.86,34123918
B,XOM,BATS,4032786,100,61.9,34123918
A,XOM,BATS,4032784,0,62.2100,34123918
A,XOM,BATS,4032788,100,62.1400,34123918
B,XOM,BATS,4032786,0,61.9,34123918
A,XOM,BATS,4032788,0,62.1400,34123919
B,XOM,BATS,4032794,100,61.86,34123919
A,XOM,BATS,4032796,100,62.2100,34123919
B,XOM,BATS,4032794,0,61.86,34123920
B,XOM,BATS,4032798,100,61.9,34123920
A,XOM,BATS,4032796,0,62.2100,34123920
A,XOM,BATS,4032800,100,62.1400,34123920
B,XOM,BATS,4032798,0,61.9,34123920
A,XOM,BATS,4032800,0,62.1400,34123920
B,XOM,BATS,4032802,100,61.86,34123921
B,XOM,BATS,4032802,0,61.86,34124010
B,XOM,BATS,4033020,100,61.9,34124010
A,XOM,BATS,4033022,100,62.2100,34124010
A,XOM,BATS,4033022,0,62.2100,34124012
A,XOM,BATS,4033024,100,62.1400,34124012
B,XOM,BATS,4033020,0,61.9,34124016
A,XOM,BATS,4033024,0,62.1400,34124017
B,XOM,BATS,4033027,100,61.86,34124017
A,XOM,BATS,4033029,100,62.2100,34124017
B,XOM,BATS,4033027,0,61.86,34124017
B,XOM,BATS,4033031,100,61.9,34124017
A,XOM,BATS,4033029,0,62.2100,34124018
A,XOM,BATS,4033034,100,62.1400,34124018
B,XOM,BATS,4033031,0,61.9,34124018
A,XOM,BATS,4033034,0,62.1400,34124018
B,XOM,BATS,4033037,100,61.86,34124019
A,XOM,BATS,4033039,100,62.2100,34124019
B,XOM,BATS,4033037,0,61.86,34124019
B,XOM,BATS,4033043,100,61.9,34124019
A,XOM,BATS,4033039,0,62.2100,34124020
A,XOM,BATS,4033045,100,62.1400,34124020
B,XOM,BATS,4033043,0,61.9,34124021
A,XOM,BATS,4033045,0,62.1400,34124021
B,XOM,BATS,4033049,100,61.86,34124022
A,XOM,BATS,4033051,100,62.2100,34124022
B,XOM,BATS,4033049,0,61.86,34124022
B,XOM,BATS,4033053,100,61.9,34124022
A,XOM,BATS,4033051,0,62.2100,34124023
A,XOM,BATS,4033055,100,62.1400,34124023
B,XOM,BATS,4033053,0,61.9,34124025
A,XOM,BATS,4033055,0,62.1400,34124026
B,XOM,BATS,4033057,100,61.86,34124026
A,XOM,BATS,4033059,100,62.2100,34124026
B,XOM,BATS,4033057,0,61.86,34124026
B,XOM,BATS,4033061,100,61.9,34124026
A,XOM,BATS,4033059,0,62.2100,34124027
A,XOM,BATS,4033063,100,62.1400,34124027
B,XOM,BATS,4033061,0,61.9,34124039
A,XOM,BATS,4033063,0,62.1400,34124040
B,XOM,BATS,4033065,100,61.86,34124040
A,XOM,BATS,4033067,100,62.2100,34124040
B,XOM,BATS,4033065,0,61.86,34124041
B,XOM,BATS,4033075,100,61.9,34124041
A,XOM,BATS,4033067,0,62.2100,34124041
A,XOM,BATS,4033083,100,62.1400,34124041
B,XOM,BATS,4033075,0,61.9,34124045
A,XOM,BATS,4033083,0,62.1400,34124045
B,XOM,BATS,4033087,100,61.86,34124046
A,XOM,BATS,4033089,100,62.2100,34124046
B,XOM,BATS,4033087,0,61.86,34124046
B,XOM,BATS,4033091,100,61.9,34124046
A,XOM,BATS,4033089,0,62.2100,34124047
A,XOM,BATS,4033093,100,62.1400,34124047
B,XOM,BATS,4033091,0,61.9,34124049
A,XOM,BATS,4033093,0,62.1400,34124050
B,XOM,BATS,4033099,100,61.86,34124050
A,XOM,BATS,4033101,100,62.2100,34124050
B,XOM,BATS,4033099,0,61.86,34124051
B,XOM,BATS,4033103,100,61.9,34124051
A,XOM,BATS,4033101,0,62.2100,34124051
A,XOM,BATS,4033105,100,62.1400,34124051
B,XOM,BATS,4033103,0,61.9,34124053
A,XOM,BATS,4033105,0,62.1400,34124053
B,XOM,BATS,4033111,100,61.86,34124054
A,XOM,BATS,4033113,100,62.2100,34124054
B,XOM,BATS,4033111,0,61.86,34124054
B,XOM,BATS,4033116,100,61.9,34124054
A,XOM,BATS,4033113,0,62.2100,34124055
A,XOM,BATS,4033118,100,62.1400,34124055
B,XOM,BATS,4033116,0,61.9,34124057
A,XOM,BATS,4033118,0,62.1400,34124058
B,XOM,BATS,4033120,100,61.86,34124058
A,XOM,BATS,4033122,100,62.2100,34124058
B,XOM,BATS,4033120,0,61.86,34124058
B,XOM,BATS,4033124,100,61.9,34124058
A,XOM,BATS,4033122,0,62.2100,34124059
A,XOM,BATS,4033126,100,62.1400,34124059
B,XOM,BATS,4033124,0,61.9,34124110
A,XOM,BATS,4033126,0,62.1400,34124110
B,XOM,BATS,4033176,100,61.86,34124110
A,XOM,BATS,4033178,100,62.2100,34124111
B,XOM,BATS,4033176,0,61.86,34124111
B,XOM,BATS,4033180,100,61.9,34124111
A,XOM,BATS,4033178,0,62.2100,34124111
A,XOM,BATS,4033182,100,62.1400,34124111
B,XOM,BATS,4033180,0,61.9,34124112
A,XOM,BATS,4033182,0,62.1400,34124112
B,XOM,BATS,4033184,100,61.86,34124112
A,XOM,BATS,4033186,100,62.2100,34124113
B,XOM,BATS,4033184,0,61.86,34124113
B,XOM,BATS,4033194,100,61.9,34124113
A,XOM,BATS,4033186,0,62.2100,34124113
A,XOM,BATS,4033205,100,62.1400,34124113
B,XOM,BATS,4033194,0,61.9,34124114
A,XOM,BATS,4033205,0,62.1400,34124114
B,XOM,BATS,4033240,100,61.86,34124114
A,XOM,BATS,4033243,100,62.2100,34124115
B,XOM,BATS,4033240,0,61.86,34124115
B,XOM,BATS,4033250,100,61.9,34124115
A,XOM,BATS,4033243,0,62.2100,34124115
A,XOM,BATS,4033264,100,62.1400,34124115
B,XOM,BATS,4033250,0,61.9,34124116
A,XOM,BATS,4033264,0,62.1400,34124116
B,XOM,BATS,4033282,100,61.86,34124116
A,XOM,BATS,4033290,100,62.2100,34124116
B,XOM,BATS,4033282,0,61.86,34124117
B,XOM,BATS,4033293,100,61.9,34124117
B,XOM,BATS,4033293,0,61.9,34124117
A,XOM,BATS,4033290,0,62.2100,34124117
A,XOM,BATS,4033306,100,62.1400,34124117
A,XOM,BATS,4033306,0,62.1400,34124120
B,XOM,BATS,4033382,100,61.86,34124121
A,XOM,BATS,4033386,100,62.2100,34124121
B,XOM,BATS,4033382,0,61.86,34124121
B,XOM,BATS,4033388,100,61.9,34124121
A,XOM,BATS,4033386,0,62.2100,34124122
A,XOM,BATS,4033390,100,62.1400,34124122
B,XOM,BATS,4033388,0,61.9,34124122
A,XOM,BATS,4033390,0,62.1400,34124122
B,XOM,BATS,4033406,100,61.86,34124123
A,XOM,BATS,4033417,100,62.2100,34124123
B,XOM,BATS,4033406,0,61.86,34124123
A,XOM,BATS,4033417,0,62.2100,34124123
B,XOM,BATS,4033597,100,61.9,34124210
A,XOM,BATS,4033599,100,62.2100,34124210
A,XOM,BATS,4033599,0,62.2100,34124211
A,XOM,BATS,4033630,100,62.2100,34124219
A,XOM,BATS,4033630,0,62.2100,34124310
A,XOM,BATS,4033678,100,62.1400,34124310
B,XOM,BATS,4033597,0,61.9,34124409
A,XOM,BATS,4033678,0,62.1400,34124410
B,XOM,BATS,4034005,100,61.86,34124410
A,XOM,BATS,4034007,100,62.2100,34124410
B,XOM,BATS,4034005,0,61.86,34124410
B,XOM,BATS,4034009,100,61.91,34124410
A,XOM,BATS,4034007,0,62.2100,34124411
A,XOM,BATS,4034011,100,62.1400,34124411
B,XOM,BATS,4034009,0,61.91,34124411
A,XOM,BATS,4034011,0,62.1400,34124411
B,XOM,BATS,4034013,100,61.86,34124412
A,XOM,BATS,4034015,100,62.2100,34124412
B,XOM,BATS,4034013,0,61.86,34124412
B,XOM,BATS,4034017,100,61.91,34124412
A,XOM,BATS,4034015,0,62.2100,34124412
A,XOM,BATS,4034019,100,62.1400,34124412
B,XOM,BATS,4034017,0,61.91,34124413
A,XOM,BATS,4034019,0,62.1400,34124413
B,XOM,BATS,4034021,100,61.86,34124413
A,XOM,BATS,4034023,100,62.2100,34124414
B,XOM,BATS,4034021,0,61.86,34124414
B,XOM,BATS,4034025,100,61.91,34124414
A,XOM,BATS,4034023,0,62.2100,34124414
A,XOM,BATS,4034027,100,62.1400,34124414
B,XOM,BATS,4034025,0,61.91,34124415
A,XOM,BATS,4034027,0,62.1400,34124415
B,XOM,BATS,4034033,100,61.86,34124415
A,XOM,BATS,4034035,100,62.2100,34124415
B,XOM,BATS,4034033,0,61.86,34124416
B,XOM,BATS,4034040,100,61.91,34124416
A,XOM,BATS,4034035,0,62.2100,34124416
A,XOM,BATS,4034042,100,62.1400,34124416
B,XOM,BATS,4034040,0,61.91,34124416
A,XOM,BATS,4034042,0,62.1400,34124416
B,XOM,BATS,4034046,100,61.86,34124417
A,XOM,BATS,4034048,100,62.2100,34124417
B,XOM,BATS,4034046,0,61.86,34124417
B,XOM,BATS,4034052,100,61.91,34124417
A,XOM,BATS,4034048,0,62.2100,34124418
A,XOM,BATS,4034054,100,62.1400,34124418
B,XOM,BATS,4034052,0,61.91,34124418
A,XOM,BATS,4034054,0,62.1400,34124418
B,XOM,BATS,4034058,100,61.86,34124419
A,XOM,BATS,4034062,100,62.2100,34124419
B,XOM,BATS,4034058,0,61.86,34124419
B,XOM,BATS,4034065,100,61.91,34124419
A,XOM,BATS,4034062,0,62.2100,34124419
A,XOM,BATS,4034067,100,62.1400,34124419
B,XOM,BATS,4034065,0,61.91,34124420
A,XOM,BATS,4034067,0,62.1400,34124420
B,XOM,BATS,4034073,100,61.86,34124420
A,XOM,BATS,4034077,100,62.2100,34124421
B,XOM,BATS,4034073,0,61.86,34124421
B,XOM,BATS,4034079,100,61.91,34124421
A,XOM,BATS,4034077,0,62.2100,34124421
A,XOM,BATS,4034081,100,62.1400,34124421
B,XOM,BATS,4034079,0,61.91,34124421
A,XOM,BATS,4034081,0,62.1400,34124422
B,XOM,BATS,4034087,100,61.86,34124422
A,XOM,BATS,4034089,100,62.2100,34124422
B,XOM,BATS,4034087,0,61.86,34124423
A,XOM,BATS,4034089,0,62.2100,34124423
B,XOM,BATS,4034107,100,61.9,34124426
A,XOM,BATS,4034141,100,62.2100,34124434
A,XOM,BATS,4034141,0,62.2100,34124510
A,XOM,BATS,4034216,100,62.1400,34124510
B,XOM,BATS,4034107,0,61.9,34124510
A,XOM,BATS,4034216,0,62.1400,34124511
B,XOM,BATS,4034218,100,61.86,34124512
A,XOM,BATS,4034225,100,62.2100,34124512
B,XOM,BATS,4034218,0,61.86,34124512
B,XOM,BATS,4034228,100,61.91,34124512
A,XOM,BATS,4034225,0,62.2100,34124513
A,XOM,BATS,4034230,100,62.1400,34124513
B,XOM,BATS,4034228,0,61.91,34124513
A,XOM,BATS,4034230,0,62.1400,34124513
B,XOM,BATS,4034234,100,61.86,34124513
A,XOM,BATS,4034236,100,62.2100,34124514
B,XOM,BATS,4034234,0,61.86,34124514
B,XOM,BATS,4034238,100,61.91,34124514
A,XOM,BATS,4034236,0,62.2100,34124514
A,XOM,BATS,4034240,100,62.1400,34124514
B,XOM,BATS,4034238,0,61.91,34124515
A,XOM,BATS,4034240,0,62.1400,34124515
B,XOM,BATS,4034252,100,61.86,34124515
A,XOM,BATS,4034255,100,62.2100,34124516
B,XOM,BATS,4034252,0,61.86,34124516
B,XOM,BATS,4034257,100,61.91,34124516
A,XOM,BATS,4034255,0,62.2100,34124516
A,XOM,BATS,4034259,100,62.1400,34124516
B,XOM,BATS,4034257,0,61.91,34124516
A,XOM,BATS,4034259,0,62.1400,34124517
B,XOM,BATS,4034265,100,61.86,34124517
A,XOM,BATS,4034269,100,62.2100,34124517
B,XOM,BATS,4034265,0,61.86,34124518
B,XOM,BATS,4034273,100,61.91,34124518
A,XOM,BATS,4034269,0,62.2100,34124518
A,XOM,BATS,4034275,100,62.1400,34124518
B,XOM,BATS,4034273,0,61.91,34124518
A,XOM,BATS,4034275,0,62.1400,34124519
B,XOM,BATS,4034277,100,61.86,34124519
A,XOM,BATS,4034279,100,62.2100,34124519
B,XOM,BATS,4034277,0,61.86,34124519
B,XOM,BATS,4034281,100,61.91,34124519
A,XOM,BATS,4034279,0,62.2100,34124520
A,XOM,BATS,4034283,100,62.1400,34124520
B,XOM,BATS,4034281,0,61.91,34124520
A,XOM,BATS,4034283,0,62.1400,34124520
B,XOM,BATS,4034285,100,61.86,34124520
A,XOM,BATS,4034287,100,62.2100,34124521
B,XOM,BATS,4034285,0,61.86,34124521
A,XOM,BATS,4034287,0,62.2100,34124521
B,XOM,BATS,4034289,100,61.9,34124524
A,XOM,BATS,4034299,100,62.2100,34124535
B,XOM,BATS,4034289,0,61.9,34124609
A,XOM,BATS,4034299,0,62.2100,34124609
A,XOM,BATS,4034449,100,62.1400,34124609
A,XOM,BATS,4034449,0,62.1400,34124611
B,XOM,BATS,4034454,100,61.86,34124612
A,XOM,BATS,4034458,100,62.2100,34124612
B,XOM,BATS,4034454,0,61.86,34124612
B,XOM,BATS,4034462,100,61.91,34124612
A,XOM,BATS,4034458,0,62.2100,34124612
A,XOM,BATS,4034464,100,62.1400,34124612
B,XOM,BATS,4034462,0,61.91,34124613
A,XOM,BATS,4034464,0,62.1400,34124613
B,XOM,BATS,4034468,100,61.86,34124613
A,XOM,BATS,4034472,100,62.2100,34124614
B,XOM,BATS,4034468,0,61.86,34124614
B,XOM,BATS,4034475,100,61.91,34124614
A,XOM,BATS,4034472,0,62.2100,34124614
A,XOM,BATS,4034477,100,62.1400,34124614
B,XOM,BATS,4034475,0,61.91,34124614
A,XOM,BATS,4034477,0,62.1400,34124615
B,XOM,BATS,4034479,100,61.86,34124615
A,XOM,BATS,4034482,100,62.2100,34124615
B,XOM,BATS,4034479,0,61.86,34124616
B,XOM,BATS,4034485,100,61.91,34124616
A,XOM,BATS,4034482,0,62.2100,34124616
A,XOM,BATS,4034487,100,62.1400,34124616
B,XOM,BATS,4034485,0,61.91,34124616
A,XOM,BATS,4034487,0,62.1400,34124616
B,XOM,BATS,4034489,100,61.86,34124617
A,XOM,BATS,4034491,100,62.2100,34124617
B,XOM,BATS,4034489,0,61.86,34124617
B,XOM,BATS,4034493,100,61.91,34124617
A,XOM,BATS,4034491,0,62.2100,34124618
A,XOM,BATS,4034495,100,62.1400,34124618
B,XOM,BATS,4034493,0,61.91,34124618
A,XOM,BATS,4034495,0,62.1400,34124618
B,XOM,BATS,4034503,100,61.86,34124619
A,XOM,BATS,4034507,100,62.2100,34124619
B,XOM,BATS,4034503,0,61.86,34124619
B,XOM,BATS,4034509,100,61.91,34124619
A,XOM,BATS,4034507,0,62.2100,34124620
A,XOM,BATS,4034511,100,62.1400,34124620
B,XOM,BATS,4034509,0,61.91,34124620
A,XOM,BATS,4034511,0,62.1400,34124620
B,XOM,BATS,4034513,100,61.86,34124620
A,XOM,BATS,4034515,100,62.2100,34124621
B,XOM,BATS,4034513,0,61.86,34124621
A,XOM,BATS,4034515,0,62.2100,34124621
B,XOM,BATS,4034530,100,61.9,34124628
A,XOM,BATS,4034532,100,62.2100,34124628
A,XOM,BATS,4034532,0,62.2100,34124636
A,XOM,BATS,4034561,100,62.1400,34124636
B,XOM,BATS,4034530,0,61.9,34124636
A,XOM,BATS,4034561,0,62.1400,34124637
B,XOM,BATS,4034570,100,61.86,34124637
A,XOM,BATS,4034572,100,62.2100,34124637
B,XOM,BATS,4034570,0,61.86,34124638
B,XOM,BATS,4034574,100,61.91,34124638
A,XOM,BATS,4034572,0,62.2100,34124638
A,XOM,BATS,4034579,100,62.1400,34124638
B,XOM,BATS,4034574,0,61.91,34124638
A,XOM,BATS,4034579,0,62.1400,34124638
B,XOM,BATS,4034591,100,61.86,34124639
B,XOM,BATS,4034591,0,61.86,34124639
B,XOM,BATS,4034612,100,61.9,34124642
A,XOM,BATS,4034659,100,62.2100,34124651
A,XOM,BATS,4034659,0,62.2100,34124655
B,XOM,BATS,4034612,0,61.9,34124655
B,XOM,BATS,4034675,100,61.9,34124656
A,XOM,BATS,4034677,100,62.2100,34124656
B,XOM,BATS,4034675,0,61.9,34124657
A,XOM,BATS,4034677,0,62.2100,34124657
A,XOM,BATS,4034681,100,62.1400,34124657
A,XOM,BATS,4034681,0,62.1400,34124658
B,XOM,BATS,4034687,100,61.86,34124659
A,XOM,BATS,4034690,100,62.2100,34124659
B,XOM,BATS,4034687,0,61.86,34124659
B,XOM,BATS,4034692,100,61.91,34124659
A,XOM,BATS,4034690,0,62.2100,34124659
A,XOM,BATS,4034694,100,62.1400,34124659
B,XOM,BATS,4034692,0,61.91,34124660
A,XOM,BATS,4034694,0,62.1400,34124660
B,XOM,BATS,4034700,100,61.86,34124660
B,XOM,BATS,4034700,0,61.86,34124661
B,XOM,BATS,4034716,100,61.9,34124669
A,XOM,BATS,4034718,100,62.2100,34124669
A,XOM,BATS,4034718,0,62.2100,34124671
B,XOM,BATS,4034716,0,61.9,34124671
B,XOM,BATS,4034769,100,61.9,34124709
A,XOM,BATS,4034771,100,62.2100,34124709
A,XOM,BATS,4034771,0,62.2100,34124810
A,XOM,BATS,4034997,100,62.1300,34124810
A,XOM,BATS,4034997,0,62.1300,34124910
A,XOM,BATS,4035215,100,62.1100,34124910
B,XOM,BATS,4034769,0,61.9,34124910
A,XOM,BATS,4035215,0,62.1100,34124912
B,XOM,BATS,4035219,100,61.87,34124913
A,XOM,BATS,4035223,100,62.1900,34124913
B,XOM,BATS,4035219,0,61.87,34124913
B,XOM,BATS,4035225,100,61.91,34124913
A,XOM,BATS,4035223,0,62.1900,34124914
A,XOM,BATS,4035227,100,62.1200,34124914
B,XOM,BATS,4035225,0,61.91,34124914
A,XOM,BATS,4035227,0,62.1200,34124914
B,XOM,BATS,4035229,100,61.87,34124914
A,XOM,BATS,4035231,100,62.1900,34124915
B,XOM,BATS,4035229,0,61.87,34124915
B,XOM,BATS,4035233,100,61.91,34124915
A,XOM,BATS,4035231,0,62.1900,34124915
A,XOM,BATS,4035237,100,62.1200,34124915
B,XOM,BATS,4035233,0,61.91,34124915
A,XOM,BATS,4035237,0,62.1200,34124916
B,XOM,BATS,4035243,100,61.87,34124916
A,XOM,BATS,4035245,100,62.1900,34124916
B,XOM,BATS,4035243,0,61.87,34124916
B,XOM,BATS,4035247,100,61.91,34124916
A,XOM,BATS,4035245,0,62.1900,34124917
A,XOM,BATS,4035250,100,62.1200,34124917
B,XOM,BATS,4035247,0,61.91,34124917
A,XOM,BATS,4035250,0,62.1200,34124917
B,XOM,BATS,4035255,100,61.87,34124918
A,XOM,BATS,4035259,100,62.1900,34124918
B,XOM,BATS,4035255,0,61.87,34124918
B,XOM,BATS,4035263,100,61.91,34124918
A,XOM,BATS,4035259,0,62.1900,34124919
A,XOM,BATS,4035267,100,62.1200,34124919
B,XOM,BATS,4035263,0,61.91,34124919
A,XOM,BATS,4035267,0,62.1200,34124919
B,XOM,BATS,4035269,100,61.87,34124919
A,XOM,BATS,4035271,100,62.1900,34124920
B,XOM,BATS,4035269,0,61.87,34124920
B,XOM,BATS,4035273,100,61.91,34124920
A,XOM,BATS,4035271,0,62.1900,34124920
A,XOM,BATS,4035275,100,62.1200,34124920
B,XOM,BATS,4035273,0,61.91,34124921
A,XOM,BATS,4035275,0,62.1200,34124921
B,XOM,BATS,4035281,100,61.87,34124921
A,XOM,BATS,4035283,100,62.1900,34124921
B,XOM,BATS,4035281,0,61.87,34124922
B,XOM,BATS,4035285,100,61.91,34124922
A,XOM,BATS,4035283,0,62.1900,34124922
A,XOM,BATS,4035289,100,62.1200,34124922
B,XOM,BATS,4035285,0,61.91,34124922
A,XOM,BATS,4035289,0,62.1200,34124922
B,XOM,BATS,4035291,100,61.87,34124923
A,XOM,BATS,4035293,100,62.1900,34124923
B,XOM,BATS,4035291,0,61.87,34124923
B,XOM,BATS,4035295,100,61.91,34124923
A,XOM,BATS,4035293,0,62.1900,34124924
A,XOM,BATS,4035297,100,62.1200,34124924
B,XOM,BATS,4035295,0,61.91,34124924
A,XOM,BATS,4035297,0,62.1200,34124924
B,XOM,BATS,4035303,100,61.87,34124925
A,XOM,BATS,4035305,100,62.1900,34124925
B,XOM,BATS,4035303,0,61.87,34124925
A,XOM,BATS,4035305,0,62.1900,34124925
B,XOM,BATS,4035328,100,61.91,34124937
A,XOM,BATS,4035330,100,62.1900,34124937
A,XOM,BATS,4035330,0,62.1900,34124941
B,XOM,BATS,4035328,0,61.91,34124941
B,XOM,BATS,4035350,100,61.91,34124943
A,XOM,BATS,4035352,100,62.1900,34124943
A,XOM,BATS,4035352,0,62.1900,34125010
A,XOM,BATS,4035462,100,62.1300,34125010
B,XOM,BATS,4035350,0,61.91,34125010
A,XOM,BATS,4035462,0,62.1300,34125017
B,XOM,BATS,4035474,100,61.87,34125017
A,XOM,BATS,4035478,100,62.1900,34125018
B,XOM,BATS,4035474,0,61.87,34125018
B,XOM,BATS,4035480,100,61.91,34125018
A,XOM,BATS,4035478,0,62.1900,34125018
A,XOM,BATS,4035482,100,62.1200,34125018
B,XOM,BATS,4035480,0,61.91,34125019
A,XOM,BATS,4035482,0,62.1200,34125019
B,XOM,BATS,4035488,100,61.87,34125019
A,XOM,BATS,4035491,100,62.1900,34125020
B,XOM,BATS,4035488,0,61.87,34125020
B,XOM,BATS,4035493,100,61.91,34125020
A,XOM,BATS,4035491,0,62.1900,34125020
A,XOM,BATS,4035495,100,62.1200,34125020
B,XOM,BATS,4035493,0,61.91,34125020
A,XOM,BATS,4035495,0,62.1200,34125021
B,XOM,BATS,4035498,100,61.87,34125021
A,XOM,BATS,4035500,100,62.1900,34125021
B,XOM,BATS,4035498,0,61.87,34125022
B,XOM,BATS,4035502,100,61.91,34125022
A,XOM,BATS,4035500,0,62.1900,34125022
A,XOM,BATS,4035508,100,62.1200,34125022
B,XOM,BATS,4035502,0,61.91,34125022
A,XOM,BATS,4035508,0,62.1200,34125022
B,XOM,BATS,4035512,100,61.87,34125023
A,XOM,BATS,4035514,100,62.1900,34125023
B,XOM,BATS,4035512,0,61.87,34125023
B,XOM,BATS,4035516,100,61.91,34125023
A,XOM,BATS,4035514,0,62.1900,34125024
A,XOM,BATS,4035518,100,62.1200,34125024
B,XOM,BATS,4035516,0,61.91,34125024
A,XOM,BATS,4035518,0,62.1200,34125024
B,XOM,BATS,4035522,100,61.87,34125025
A,XOM,BATS,4035524,100,62.1900,34125025
B,XOM,BATS,4035522,0,61.87,34125025
B,XOM,BATS,4035526,100,61.91,34125025
A,XOM,BATS,4035524,0,62.1900,34125026
A,XOM,BATS,4035530,100,62.1200,34125026
B,XOM,BATS,4035526,0,61.91,34125026
A,XOM,BATS,4035530,0,62.1200,34125026
B,XOM,BATS,4035536,100,61.87,34125026
B,XOM,BATS,4035536,0,61.87,34125031
B,XOM,BATS,4035550,100,61.91,34125031
A,XOM,BATS,4035552,100,62.2000,34125031
B,XOM,BATS,4035550,0,61.91,34125040
A,XOM,BATS,4035552,0,62.2000,34125040
A,XOM,BATS,4035604,100,62.1300,34125040
A,XOM,BATS,4035604,0,62.1300,34125051
B,XOM,BATS,4035621,100,61.87,34125052
A,XOM,BATS,4035623,100,62.1900,34125052
B,XOM,BATS,4035621,0,61.87,34125052
B,XOM,BATS,4035625,100,61.91,34125052
A,XOM,BATS,4035623,0,62.1900,34125053
A,XOM,BATS,4035627,100,62.1200,34125053
B,XOM,BATS,4035625,0,61.91,34125053
A,XOM,BATS,4035627,0,62.1200,34125053
B,XOM,BATS,4035632,100,61.87,34125053
A,XOM,BATS,4035634,100,62.1900,34125054
B,XOM,BATS,4035632,0,61.87,34125054
B,XOM,BATS,4035636,100,61.91,34125054
A,XOM,BATS,4035634,0,62.1900,34125054
A,XOM,BATS,4035638,100,62.1200,34125054
B,XOM,BATS,4035636,0,61.91,34125055
A,XOM,BATS,4035638,0,62.1200,34125055
B,XOM,BATS,4035644,100,61.87,34125055
A,XOM,BATS,4035646,100,62.1900,34125055
B,XOM,BATS,4035644,0,61.87,34125056
A,XOM,BATS,4035646,0,62.1900,34125056
B,XOM,BATS,4035780,100,61.91,34125109
A,XOM,BATS,4035782,100,62.1900,34125109
B,XOM,BATS,4035780,0,61.91,34125111
A,XOM,BATS,4035782,0,62.1900,34125111
B,XOM,BATS,4035789,100,61.91,34125123
A,XOM,BATS,4035791,100,62.1900,34125123
A,XOM,BATS,4035791,0,62.1900,34125127
B,XOM,BATS,4035789,0,61.91,34125127
B,XOM,BATS,4035919,100,61.91,34125210
A,XOM,BATS,4035921,100,62.2000,34125210
B,XOM,BATS,4035919,0,61.91,34125211
A,XOM,BATS,4035921,0,62.2000,34125211
A,XOM,BATS,4035927,100,62.1300,34125211
A,XOM,BATS,4035927,0,62.1300,34125213
B,XOM,BATS,4035934,100,61.87,34125213
A,XOM,BATS,4035936,100,62.2000,34125213
B,XOM,BATS,4035934,0,61.87,34125213
A,XOM,BATS,4035936,0,62.2000,34125214
B,XOM,BATS,4036291,100,61.91,34125310
A,XOM,BATS,4036293,100,62.2000,34125310
A,XOM,BATS,4036293,0,62.2000,34125311
B,XOM,BATS,4036291,0,61.91,34125311
B,XOM,BATS,4036584,100,61.91,34125410
A,XOM,BATS,4036586,100,62.2000,34125410
B,XOM,BATS,4036584,0,61.91,34125411
A,XOM,BATS,4036586,0,62.2000,34125411
B,XOM,BATS,4036764,100,61.91,34125510
A,XOM,BATS,4036766,100,62.2000,34125510
B,XOM,BATS,4036764,0,61.91,34125511
A,XOM,BATS,4036766,0,62.2000,34125511
B,XOM,BATS,4036979,100,61.91,34125610
A,XOM,BATS,4036981,100,62.2000,34125610
A,XOM,BATS,4036981,0,62.2000,34125612
B,XOM,BATS,4036979,0,61.91,34125612
B,XOM,BATS,4037100,100,61.91,34125679
A,XOM,BATS,4037102,100,62.2000,34125679
B,XOM,BATS,4037100,0,61.91,34125680
A,XOM,BATS,4037102,0,62.2000,34125680
B,XOM,BATS,4037196,100,61.91,34125710
A,XOM,BATS,4037198,100,62.2000,34125710
A,XOM,BATS,4037198,0,62.2000,34125711
B,XOM,BATS,4037196,0,61.91,34125711
B,XOM,BATS,4037347,100,61.89,34125798
A,XOM,BATS,4037349,100,62.2000,34125798
A,XOM,BATS,4037349,0,62.2000,34125798
B,XOM,BATS,4037347,0,61.89,34125798
B,XOM,BATS,4037455,100,61.87,34125849
A,XOM,BATS,4037457,100,62.1700,34125849
A,XOM,BATS,4037457,0,62.1700,34125850
B,XOM,BATS,4037455,0,61.87,34125850
B,XOM,BATS,4037540,100,61.87,34125897
A,XOM,BATS,4037542,100,62.1700,34125897
B,XOM,BATS,4037540,0,61.87,34125909
A,XOM,BATS,4037542,0,62.1700,34125909
B,XOM,BATS,4037841,100,61.87,34126009
A,XOM,BATS,4037843,100,62.1700,34126009
A,XOM,BATS,4037843,0,62.1700,34126010
A,XOM,BATS,4037847,100,62.0900,34126010
B,XOM,BATS,4037841,0,61.87,34126010
A,XOM,BATS,4037847,0,62.0900,34126016
B,XOM,BATS,4037874,100,61.86,34126016
A,XOM,BATS,4037876,100,62.1700,34126017
A,XOM,BATS,4037876,0,62.1700,34126017
A,XOM,BATS,4037878,100,62.0900,34126017
A,XOM,BATS,4037878,0,62.0900,34126050
B,XOM,BATS,4037874,0,61.86,34126051
B,XOM,BATS,4037983,100,61.89,34126051
A,XOM,BATS,4037985,100,62.1700,34126051
A,XOM,BATS,4037985,0,62.1700,34126052
A,XOM,BATS,4037989,100,62.0900,34126052
B,XOM,BATS,4037983,0,61.89,34126052
A,XOM,BATS,4037989,0,62.0900,34126052
B,XOM,BATS,4037997,100,61.87,34126052
A,XOM,BATS,4038001,100,62.1700,34126053
B,XOM,BATS,4037997,0,61.87,34126053
B,XOM,BATS,4038007,100,61.89,34126053
A,XOM,BATS,4038001,0,62.1700,34126053
A,XOM,BATS,4038011,100,62.0900,34126053
B,XOM,BATS,4038007,0,61.89,34126054
A,XOM,BATS,4038011,0,62.0900,34126054
B,XOM,BATS,4038031,100,61.84,34126054
A,XOM,BATS,4038034,100,62.1700,34126055
B,XOM,BATS,4038031,0,61.84,34126055
B,XOM,BATS,4038036,100,61.87,34126055
A,XOM,BATS,4038034,0,62.1700,34126055
A,XOM,BATS,4038046,100,62.0900,34126055
A,XOM,BATS,4038046,0,62.0900,34126056
A,XOM,BATS,4038054,100,62.1700,34126056
B,XOM,BATS,4038036,0,61.87,34126057
A,XOM,BATS,4038054,0,62.1700,34126057
B,XOM,BATS,4038062,100,61.85,34126057
A,XOM,BATS,4038064,100,62.1700,34126057
B,XOM,BATS,4038062,0,61.85,34126058
B,XOM,BATS,4038068,100,61.88,34126058
A,XOM,BATS,4038064,0,62.1700,34126058
A,XOM,BATS,4038074,100,62.0900,34126058
B,XOM,BATS,4038068,0,61.88,34126058
A,XOM,BATS,4038074,0,62.0900,34126058
B,XOM,BATS,4038099,100,61.87,34126059
A,XOM,BATS,4038102,100,62.1700,34126059
A,XOM,BATS,4038102,0,62.1700,34126059
B,XOM,BATS,4038099,0,61.87,34126060
B,XOM,BATS,4038495,100,61.85,34126110
A,XOM,BATS,4038497,100,62.1700,34126110
A,XOM,BATS,4038497,0,62.1700,34126209
A,XOM,BATS,4039482,100,62.0900,34126209
B,XOM,BATS,4038495,0,61.85,34126210
B,XOM,BATS,4039555,100,61.87,34126210
A,XOM,BATS,4039482,0,62.0900,34126210
B,XOM,BATS,4039555,0,61.87,34126211
B,XOM,BATS,4039726,100,61.89,34126211
A,XOM,BATS,4039728,100,62.1700,34126211
A,XOM,BATS,4039728,0,62.1700,34126212
A,XOM,BATS,4039843,100,62.0900,34126212
B,XOM,BATS,4039726,0,61.89,34126212
A,XOM,BATS,4039843,0,62.0900,34126212
B,XOM,BATS,4039955,100,61.87,34126213
A,XOM,BATS,4039974,100,62.1700,34126213
A,XOM,BATS,4039974,0,62.1700,34126213
A,XOM,BATS,4040114,100,62.0900,34126213
A,XOM,BATS,4040114,0,62.0900,34126214